"","1:762273:38289383","1:38423853:247420421","2:272203:242618050","3:4358210:58413662","3:58414382:137880743","3:137881265:197665599","4:3514695:164440581","4:166021811:190876256","5:224633:180278393","6:4998963:29910801","6:29911064:31085200","6:31085269:32487175","6:32487353:32944746","6:32946133:52129484","6:52359558:170627651","7:881668:99955866","7:100064719:158715219","8:6303025:146067054","9:712060:140611436","10:3154461:133786586","11:237087:129754644","12:4459032:49065727","12:50526814:133780851","13:21086599:101294428","14:20216560:102814945","15:20874799:41065890","15:41487934:91010776","16:304514:90102835","17:648186:7530271","17:7843053:46059071","17:48172779:80904844","18:691266:72234635","19:1388538:35175208","19:35175775:44832992","19:44833506:53345095","19:53345447:58946203","20:371972:10620275","20:10620386:44574533","20:44578961:60920887","21:28212760:48022230","22:17990852:50962208"
"MGH31_A02",-30.6427007863394,119.91571139885,28.2282300105122,23.0307334091478,-70.5521928606575,18.338126575615,121.387733009943,-14.8495310663515,87.7183104768065,24.390752237997,-4.7404169518491,-1.58785130560898,2.70396857323498,-3.5510700961542,0.969808827331647,21.6220036096318,77.5853389835439,-0.721636328175731,-96.4013566731665,-44.0899662741698,-41.5169794554604,29.9624591680306,-49.6187647719372,-71.8929852563058,19.1935986378852,-15.0324778604977,30.7137686377976,-41.1512373982268,6.75585196231041,-42.05189080755,-25.666437044569,44.2521593846366,-26.9661255034248,-32.3627052196723,7.82569662608475,56.1124209877692,-2.80138357411526,20.3657074876262,22.4346374275124,-15.0465978232583,-23.2623951666845
"MGH31_A03",-6.7599955678033,31.1300050478775,-54.695359937371,4.97414202472315,-43.8534880004427,32.8951654902073,99.8571550966647,-0.356044264692274,213.859526641449,19.7305822130872,-10.3437639975592,-22.0483819585232,-6.73317770999926,-7.18094804021186,88.3228160133518,50.78580696944,29.9559185342093,3.06254484519129,21.6399314850091,-113.09074054033,-169.57619618002,47.1701989463201,48.6028047184464,10.5572291770445,3.96717968310393,-27.1334947485747,14.5638580741768,22.7950507800101,1.98229441982244,-64.8100004635658,-8.34551750868489,14.435303385486,-6.08860925294999,-22.5518939442807,-4.85085431093312,30.3521162770325,-5.27917541589773,-11.5403867766654,-18.5712654154865,2.53476832280237,9.6079012930628
"MGH31_A04",-16.0020813743321,-50.6127590275432,-23.9094795039474,36.6546240861654,-23.9869378149175,67.4944608054488,49.5785428284438,8.0855758708662,27.3497099238199,25.9230145301365,-13.3452943371455,-25.0359235412984,6.03905644732691,-9.62509697656442,-8.58751183487118,-31.4034704345856,-92.2932860399413,13.7833389042924,64.989475303759,88.5594815023128,-74.0676922555359,-14.7665245311334,36.4192806268419,6.71537318514533,45.0328183907038,-9.99945252622596,13.7677232541534,-15.2038837914897,-25.7507647887514,-48.177951811851,-21.0688804604136,26.3296801501255,-66.154864805708,27.6333217746346,12.4096597419044,39.798375288973,3.20301943495528,-46.9857153528801,-22.6254054639977,9.99953333355288,3.90518306496672
"MGH31_A05",-35.9555028092273,-62.9811821944556,72.9036491638443,-9.60147211710296,-40.8395491478848,43.2357949737647,62.3033671850476,29.3698250389382,25.1505963002644,13.2922082793329,3.04146926982226,-5.80363484854612,-6.21384309266856,4.18898500985654,44.4846164632146,63.1658485617243,126.338582823423,16.7307026371625,-30.5429399305396,-70.9683798151741,-37.2846027497428,34.0166991823917,-11.3039936664817,-108.175700621211,-146.14388453964,16.382673921476,19.4259061457106,20.6125392378792,-6.82393781133875,-22.003312437734,-2.67588215588124,40.2853476051442,-25.7130088889871,-5.14285558841696,15.1452719284054,65.7399073713793,7.36928878162816,12.4658726023161,7.13410559243202,13.0712172817956,1.31735436387205
"MGH31_A06",-30.6045610884112,-4.13453090644664,1.55221185703678,4.88995489693124,-70.1970207633638,38.4511520665886,135.031686743334,11.2704097817617,93.175644312581,15.4493436980182,-10.6513461783853,-10.468231359038,8.31453652023025,9.65828409168383,38.0164347370726,56.1105486180588,88.2467823004629,25.4513599334668,-51.3576683813707,-68.8446796795317,55.0560197412663,13.870659964644,-13.7739856460142,-79.9063484198634,-177.989268234744,-8.73938336460492,7.63448719139644,9.68012005443789,5.79095064899613,-13.7783265900338,-26.2917742691686,19.7699915915252,7.66511454212633,-23.8374078727759,1.66237935179977,37.2215915536193,3.02627832380576,44.6359259979502,-23.7849958498283,-8.36088755311365,-25.2791441611841
"MGH31_A07",-34.6885206659308,-42.6356302708353,31.1390856274269,-22.0542345220144,-101.193309011784,67.2831691783704,116.608909869766,1.10718570760413,-35.8738195321914,30.3258178527166,1.73505826636711,-3.67448937703366,-6.94757329006025,16.3028461455789,57.8770219544567,57.2410469275205,98.2572930550314,-52.1991018654226,-73.8977693302267,-52.7368253792908,-67.8570187016905,53.646832763177,56.878565750444,-85.6371899899239,-190.368030869789,4.32007842167031,38.5600368631051,-0.830653034872237,3.09922462895211,12.6399802623348,2.04229676690187,22.5886390700186,14.4895569240614,-43.8097081950665,2.74817382202527,37.1337148539493,26.8051856495339,38.8893274799317,47.8212721870344,4.49978441242105,-17.8599786256989
"MGH31_A08",58.4725590902172,-39.9490011771258,-1.27243485625327,-13.5235953970725,-1.96327148162672,-26.0642803837626,63.8132930247388,20.6833855946138,-20.9551125168745,25.184057695664,-3.53625951934155,-10.4580643212406,10.0610862356006,-16.6353060665326,48.2122055776991,-126.237229071652,17.8110302051086,71.3127315341362,24.1967630220619,67.8039272025078,7.81286005078075,2.31816161711443,16.8822260232124,3.77009361598398,38.9707356304,-28.2800466039746,57.4516352672244,33.0273337847002,-11.6996011493246,-65.4929005755408,35.7636400844331,14.0777170701827,-65.203408426123,-3.91354250675884,-3.86447403232632,22.1226060736766,-10.5012989598785,-41.1193211785407,-23.8812138843477,11.0191570683094,-15.6040463881629
"MGH31_A10",-44.660178867831,-0.594330763615055,-56.1080569818549,-38.1101642316441,-38.2247447923569,51.521830774442,52.3975155886988,10.3449920418635,56.3642243555826,53.1760577510511,-14.8694235985564,0.835411052771845,9.43766471813286,7.58640429282115,76.1970851810423,84.4663347262889,27.5551924580476,-44.4404534458644,-78.3116864642038,-61.5217862564945,-29.7475055710433,-2.81803009761709,32.6636833664795,-47.5991512830425,-159.420732000003,14.7564852615489,11.9025220001762,42.8217262415105,-6.33783304082519,-61.5278187283613,3.87177941576662,34.4821439143406,23.1774527752644,4.34054943391062,54.5662556541443,38.8157484917574,13.9564908652842,22.8372100052266,23.8636978930117,5.49562314601501,-0.195093484332222
"MGH31_A11",25.2742429129138,67.9664754607328,4.42037888938752,16.766745817205,-95.1487867992471,18.6023954704702,53.0283245498583,2.97789699076259,192.86625142577,22.7575172905568,-9.10067214868704,2.59956212501488,-5.52326854434474,-18.3771057959544,88.2000722487152,95.0368378614964,46.1117953810963,20.6011996854593,-30.6598838205528,-62.9352365094974,-206.281348452616,-17.5217510333938,53.4308279267374,-15.7413573135918,-29.08156813598,-23.2983487189387,56.1736698538485,-35.1767059844783,-11.3197934177671,-23.9277331842886,-1.49376387109583,-35.1684985833603,-4.70535108376671,-6.73256005458869,17.3907441476096,36.7287403384299,14.8137049294025,-28.2507587185263,-7.20765137616502,-19.1852331426515,26.9297860646463
"MGH31_B01",0.322877131180928,42.306856827898,25.9970461901825,15.8554016490855,-107.958167644468,12.7183282300291,95.2836087390869,-12.3577208316754,220.964683398635,19.2727271827936,-9.3533684930408,3.41511172989777,-1.2562999191355,-1.17828899791083,13.104544394371,85.1748487172371,63.6611352056125,8.40852477444138,13.2647352100431,-95.009365221053,-217.758478463282,7.65477690953631,39.1392197784243,32.1999284605266,-44.0082317078687,-7.39144261775361,30.660819466846,-56.2350353657637,-15.1501781809704,-39.5926417424692,14.4497008427983,-26.8346983281312,5.01894584893304,-22.9196275485143,17.6280797513264,45.8877448424629,-22.5789864167142,-44.6893062472233,9.54491635002481,11.8168493044818,20.8904029768911
"MGH31_B02",-28.2555007214043,-27.25184566373,-108.310369537091,46.9809829038875,-36.1241224968947,59.7294193548608,-0.656703910247836,1.8647207747112,149.657525964961,35.3549454437046,-6.47411719053393,-9.7454610096121,1.5072657962445,-0.383629759173337,28.4476637457915,33.9238872949153,23.98418716241,-12.4605173357509,-8.80023993462941,-16.665203640714,-285.051384702085,47.8607285128666,128.325071047778,-18.6449209986878,-112.083593134348,-11.8678352543838,7.95050157979568,134.785083604495,-10.5711590983175,-38.3810402236813,-13.9127212599909,8.40224495371659,53.3961516810151,-10.1963635775578,11.4815258485093,51.4658270481587,0.782023826931169,53.267546976316,26.2235441322912,3.83725782411131,-25.7082762359708
"MGH31_B04",14.832829753741,15.0892972317976,11.0698862355197,28.9320085962063,-82.0890883511863,22.3650065374554,60.8928570533809,30.6398277752256,61.8403156738951,-8.76363430295592,-5.54247145643314,9.23305450834794,-0.307549318767724,28.7696567281125,54.7521589303223,70.625079931327,54.8740107594097,-20.612842367323,-36.2252728405319,-106.702648432518,-93.0344422972119,25.6610427548463,41.1888719331984,-50.3837459059297,-182.288176292513,4.37837676794878,64.8481796236635,15.53125584693,4.18132010354209,-47.9776237889325,18.0255833251428,-12.8270488607564,2.66643492506244,-26.4201898548415,4.57805725570324,15.3906731916079,30.6032303740362,24.0300811683291,4.98271092653647,2.04383058573542,19.9805212303453
"MGH31_B05",-25.9367886741632,23.3398643597876,36.9151382201008,-3.63223250602931,11.4885101970219,44.2163596712452,67.0981185870994,-4.09591451655624,-37.7548023394216,-17.5694723862825,0.148055748374117,-20.8349964980494,2.3969663436104,-9.03141231424395,14.7071208410502,-51.3929418301672,-81.9281316844462,3.89080327234813,75.3984353599718,103.486412862135,-108.027189466945,-8.61443810703459,24.8926873595752,26.7057699823942,26.0751708164639,8.62845199872291,57.6156265784276,19.1260518848047,5.3661616819592,-14.3906398173733,13.0900769881101,41.452087064521,7.94802575284552,-19.8997212309722,-14.7808249570131,12.1278073588185,2.22225025817764,-34.6595671747453,-25.1827990677911,-18.388857781811,-34.5739162249729
"MGH31_B06",28.570977462928,131.898707573773,-108.294030161692,1.95695238357613,-67.5969308622253,36.1341525945674,59.750872572825,10.2665376515839,261.923813060512,26.1189143833883,-15.434543879753,3.31614583094126,-4.07983141095582,51.6278138153251,112.86083223518,98.4130484437494,41.546713469871,-44.321194699488,-16.8527878551039,-69.5182831664421,-263.58788325138,18.1896015610742,4.06696911414194,18.9838183458736,-63.2999459526738,-9.43610941156467,20.6025574046699,-47.2525984385509,-1.46143443822227,-28.5473447722158,-15.7376137993333,10.0162811254395,3.17214202727852,-7.86027024268983,11.5047922482758,48.8235923500142,-18.9938110211518,30.1323983052744,-25.3209006636247,-27.6266804606654,-11.2119985094184
"MGH31_B07",58.7900440822923,25.3764537932543,20.3802645631783,22.7779052633139,-18.1556537215577,-40.9333730177434,56.9736005844403,-19.3743539609939,-58.8885617008847,-16.0096694832722,-3.84373381053373,1.5069029720146,10.9880239899386,11.141188475185,68.1014432324111,-13.0830122819273,-20.7355538649724,10.7340806183287,-12.6029915151591,141.738782959009,-38.1491120654221,27.9397041445524,14.7973155683581,57.0680453335589,28.0756917423325,-3.79534462223236,25.5769292139057,-10.819834293697,-11.853107297397,-38.3672169539924,-20.8187314623542,-10.1691862960482,-51.3364825173977,3.69596953686341,20.4143233143067,37.7049094683052,-21.1594250163369,-1.9237999069194,-26.631040441361,-2.1201242181691,-52.2020793513236
"MGH31_B08",-8.19461643265652,2.1105363145458,-52.4057615967939,26.6789637618267,-19.0880994743808,54.7059477378333,49.1056209538853,-11.7214309208962,232.823691125625,23.786259317948,-21.2288732887331,-5.62110470746073,-7.02887076370815,8.45419492893357,59.3054514528723,60.3342755179903,54.7279375133519,2.4778447136485,-1.95830725409614,-33.1994727036963,-225.534443487287,-2.38230762391422,74.0109462374372,-10.4202181209689,-51.8450689123182,-23.4524013532319,30.6621909862018,-52.3458745345641,3.18876462222074,-74.2825143072247,-14.9000556485763,-6.22343730374847,34.4607617412703,-5.21610533734248,12.1168346628031,50.2379088428704,0.289219631298758,-31.6599594608859,-15.4842718908364,14.5195417113975,26.0187514819245
"MGH31_B09",7.35221895640767,-43.6112196176845,111.152672943598,72.756501526683,-14.2641499807419,20.8963825926301,44.8485802596467,5.80618767155652,65.3806326465443,14.9995289685572,-1.58255950577332,15.8067872876812,5.70377604008411,37.1821983723533,36.245680754605,60.1303143613261,62.9864904196438,-42.9546600084841,-27.3930574608555,-74.555962925574,-58.8186052222551,-5.13688758612519,23.4362881587523,-113.589921045127,-210.0409566862,-12.8637975857973,28.1041812982337,-5.58808067814033,-12.6354509123835,-24.2223991260245,-19.7157174272933,2.66888169134862,64.2848741144157,-27.1460123063299,5.39155056489555,22.5471488034344,30.2966805873538,17.4700887690065,13.5328468473159,14.8409090217244,-7.28230391099429
"MGH31_B10",-21.886527014484,105.954578906054,21.9104607328439,-5.92178279414441,-34.4463036555485,46.3404984314206,62.1672550993461,3.43598382590264,191.031267290157,10.6744917893523,4.02441428368878,-21.2969589024711,7.4194131998116,24.8420199836547,61.8998969546771,83.8667104294214,32.2469636012908,-59.0932704029913,20.0315844222129,-72.4717947447907,-153.284450063325,-0.390603527992713,86.602914230463,-12.6699493349487,-69.1630904192332,-11.0189271978463,-11.0987971219892,-42.5001060887176,2.07898474008161,-31.6793286132657,35.1750852482187,-23.9031109117566,-14.2065467927118,-0.262281884608799,34.2189762511217,45.475965167452,-3.87380955827774,-27.260857854827,-22.6902334492648,-29.8068797266025,10.9296934914726
"MGH31_C02",15.5060163317942,-72.3016816233559,-60.8988854607037,44.4952215637207,-39.6808627878843,40.0954649556098,54.1421273128847,0.597914516475459,62.3447916773826,9.82785467374357,2.8569891443922,2.30983935436223,-3.62275659438082,18.8519948866466,13.0763811375964,44.1429872025765,49.7019594388796,-18.6312272765553,-50.8313408605661,13.6164645133228,-66.4260722863534,-4.84296968264029,21.0864452884845,-31.4283789506347,-117.17932891168,-2.79464976945939,67.5451095113608,7.58184281573602,9.11574019179212,-6.32264602135434,25.2007480687014,18.6224147475243,62.9872678427943,-10.7651315195053,9.27271516303385,32.5136786002318,19.6353975181435,-11.0105843981336,-14.6556010912435,5.18902208537227,23.2641078747126
"MGH31_C03",-43.345067733203,-46.6732935477941,-22.2655745354887,13.4460720748176,-74.4239271743534,31.421800793103,67.5826098145332,27.3225463473181,78.7071881464166,24.5010518337492,-8.52001330260016,-10.2637570904221,-6.76059227044803,-2.97395037524761,67.6859560658944,73.6917837119178,84.5737318591093,14.1225916796273,-121.712687919398,-58.4314034783885,-103.642998918655,-36.8370347449127,76.1186763908057,-64.1339535687063,92.0995623600442,2.42728470012968,-8.6317439778866,6.45334289332244,27.1128757903425,-96.0188349154826,-28.4803028952737,12.1039400070506,26.2464019574378,-22.8133440016337,-3.80579908005691,42.7055701123639,16.7432213316048,17.0764329752355,-20.6543450827169,2.16819469164773,-19.5151783100437
"MGH31_C04",-81.080097841364,6.70594386563601,-90.8236093855488,26.7873879295908,-71.2036760112611,7.48192437260864,19.8501483439731,9.9164970141113,41.8209241823414,44.5027177012212,-15.6050401324746,-14.8079157201715,9.40655599784876,17.7888697170906,4.17770917507431,89.3442306224272,104.90480059022,90.9632813078541,-106.699839823769,-68.172945484614,-124.940798290113,-0.514982239624647,17.7250969313168,-66.4290856444366,50.9438066287079,-16.8369171899453,79.2617926265557,-25.6429836472895,-14.221567467883,-27.6595721787939,-7.76383882003916,41.1848020164074,16.0235560127614,-4.8233866087152,28.7104440607635,16.3787780270252,8.64939408682061,21.715170989788,14.7248315849904,3.76548460291023,-20.6974342327327
"MGH31_C05",-39.8502355265112,34.0780674567526,46.3409197442309,29.3053080301774,-45.6545305718032,31.9626309126933,-17.0269559895228,0.173827240225554,32.5598046370959,7.83439236489353,-11.5272434803933,-8.60449151818126,-4.48870351979638,4.53919063640636,75.1971928652064,82.7805998015199,70.4338604451284,74.6804727350704,-134.279519271525,-19.873817231983,-116.613467639534,-5.59019882093207,15.9179758739258,-38.5012133367727,-155.685088908206,6.95923003945555,42.311948373594,55.8144087527613,-1.84171300474178,-35.8551146589908,-17.6043134784205,67.3964690053112,35.1741728644018,29.1704439356507,12.5107173642678,38.9331419125625,3.62393577390753,62.7582716221492,-14.4520901585336,-11.5150916581926,-17.9646646501364
"MGH31_C06",-29.3433413960142,25.7500899031447,12.6679665613352,12.5347773669715,-114.359079553084,35.3659806667935,70.8581427836436,8.23072058296626,33.3333873717987,17.0286339640771,-17.4098463363081,6.91196246001845,-6.6126912667129,28.6482426179693,49.7844127596527,107.040495511571,86.5601374112831,10.6185346675631,-81.5879216537904,-119.369329104848,-101.991958615014,25.3237794692944,59.6978992990983,-58.3015755671341,-160.266818686214,-20.8744155195015,79.6930716993641,44.9254970155147,-12.695850422012,-64.8966053608942,8.0344629496478,52.7546269173137,75.9487284439461,17.317062668037,14.3478429588389,30.3464599299094,15.8608195772795,33.1461534932324,-28.2675028315629,-5.83447679908221,-31.9461547415003
"MGH31_C07",-2.40158513650181,92.8717931365095,-99.3654583353755,3.62000768743858,-61.6884462647421,48.6409663385095,101.862740807997,-10.1792964404363,211.426290952131,4.33800918741493,-2.94288069835073,-11.1662097440547,1.28836456570542,8.93236619943019,64.948251452777,65.6576667607924,56.7479219901036,-3.43531698780216,-31.059011002306,-54.5808612068032,-244.730415207392,11.3096727316751,60.3806405648546,8.8456786785024,-70.7037068302506,-20.1866955948661,42.1374671694299,-21.0477635553071,6.35844976244037,-71.687091507148,31.7776861541132,-0.871533198850019,45.2199532076447,-10.5773631827364,18.9975875679391,41.398374787465,-34.9089028905143,-35.8295021217288,-9.10054649606261,1.21769241822183,-1.49188426436131
"MGH31_C09",30.0762102498968,70.7665695078729,55.8323914005965,17.4483123342688,-27.9334590175287,78.1050544750281,57.0838025616877,-2.4458375657226,191.533798936335,24.3006623936383,-5.61644607268372,-6.78508386846296,-3.51698960600135,3.0881653590785,69.1839203817291,24.4287586373293,26.6391621843255,-49.1031652958233,-6.15085419156278,-44.6697861343642,-273.387889062169,32.2222310226812,67.9086658200217,-53.9513062328247,-31.4019351683545,-6.08080214503736,50.6899005499054,-40.0075047984088,7.47923369147626,-76.9690554476153,29.2482160945432,7.53894424013726,27.7799222818146,-3.51233032015321,15.0557941388733,51.3964555559584,-10.8528726634567,-54.8146160284873,1.80391451716685,-6.13847772806026,-44.6500015909974
"MGH31_C10",-31.813548566038,-29.6367307723006,-89.6600144296849,48.4952316984627,-9.13668452209283,29.8548829757999,59.0083863469105,5.69145805630303,98.1904977952491,46.013309407756,-25.1819800806032,11.4031280182957,-2.51139693625021,5.56409333455269,-39.0868789865583,36.7491157647018,2.90655719894066,-33.556731643329,6.22865097315681,40.65048141706,-168.849200924975,12.0603421909068,81.936896191451,-44.667729690222,-119.325355853796,-0.793643376179814,-2.60841073129892,24.0640846210983,14.1490141648909,-32.8555110157978,13.4572598846131,15.0336222968956,82.4689409384943,19.660823629439,29.1462729578752,49.4017773068874,-6.21445192659114,-24.7556984741237,19.0940375155864,7.05997587006797,4.96243621518465
"MGH31_C11",47.8510119986186,65.8238701939015,17.5006647173405,11.9631872981692,-57.9785800486756,6.4884770210977,26.9850239648272,-4.09840658969981,160.65785339493,14.1347295287847,-13.9404893340441,5.66241201642588,6.87857732151642,22.6607415120469,29.0733756163168,66.9502986249421,56.0685010126914,1.89687599162035,0.840215913388291,-92.1110685431825,-246.368265045455,-19.6305240444815,53.7795009452817,-5.5427701004613,-15.5755841516793,-17.0168803755038,27.9281987076902,-38.1182486214102,10.7599920087932,24.3362812208492,7.0339911619374,-55.0896419587894,-15.5035067700551,3.59513965243175,30.5454350948409,39.3933565333515,-6.35264641432342,3.31444835594501,9.63309475630633,6.32246656798474,46.3984478242551
"MGH31_D02",15.0106879226024,-41.63186875545,70.6663494981976,32.3599386908577,-48.5989406281003,-0.972990362610284,-20.2990499029802,25.3366250373208,21.3898181417502,25.185826833139,-1.44396874798787,7.62939155001013,5.36853591985103,35.5541285360772,-6.88160289399567,-38.518633764234,-20.8481095123186,-3.9306667690418,-25.0909081549604,-66.3516980997163,-131.729700966326,-0.0197920953952738,-7.74997948301245,-50.602539653135,-118.644364204137,4.97533708730812,76.8809370483735,75.6277238521558,0.27312478396208,-55.8219293534321,-4.00547957573352,1.44988030326858,53.1799862760353,20.1519308518719,7.80231163354762,52.000550826772,-29.7003383158052,9.11849831666903,-24.3566602631749,6.92765918054377,1.52013842202092
"MGH31_D03",-32.3015117085131,50.0645735134083,-134.063841572901,11.5506411746174,-36.8590094555417,46.5680351210648,78.134544984561,18.875996573128,54.4742856177259,36.776836401903,3.09890955215789,-7.28959177166992,1.41989785456349,9.89750823684392,83.5189611473493,137.00284031314,42.6217679755616,20.3189953533738,-75.2783084425593,-56.3276180196723,-150.254238663561,-15.5390516311248,49.2129790570009,-64.6312090688794,23.9941511169265,-13.6745826092129,-4.59547867478451,33.7795030652678,3.18354944897015,-64.0361259362254,4.8932226381771,21.6376486437218,73.0930341406981,21.5718725106122,-4.68204905648462,60.2694755482212,-5.17250263357961,-19.4800099283243,-25.661285573991,11.6435435958548,-10.8078464699129
"MGH31_D05",-20.9770865408094,91.326321538055,-38.0665354905588,4.44188854351793,-64.3744272997807,56.0382486289944,45.6521106190833,11.0887933999243,190.33516369579,31.00227803158,-17.3644542670107,-6.61752170007224,-6.90734783204937,24.1814952602412,19.8167004376325,108.214910613217,58.4603099604016,30.6946028600587,-39.8544324695124,-51.4465829874871,-230.563598222991,-20.6542508480896,64.8505846794557,4.0981327508264,-57.305855520096,-8.50368296614482,1.06767692667258,-31.6232887722472,-2.04080207032781,20.7568367893407,23.0684914535981,-28.958102528491,38.9008881783308,-12.0878901006171,14.6097010703836,45.7501035094475,-21.8792671246594,-47.4471644163694,-13.2322170712752,-0.845435535570173,40.1178662113218
"MGH31_D07",-3.53636261283543,-107.715837302392,61.4862913106062,-7.29518574442538,-46.4381513757324,64.358478013434,24.9495810817672,-4.63489965333024,19.5649851057555,20.7302733273125,-9.34933470400512,-4.04828612042406,3.30269718977934,-4.57311122321586,1.33599380665335,71.8389386942493,39.9398950583827,53.5921004574036,-80.6513831919422,-24.1302624916339,-137.777956094734,25.3219408503069,-3.21364293400608,-64.4435034338182,35.1144258330749,-18.2075602079963,65.7184591554941,-4.76428279182095,-14.9967918144579,-66.6161239915334,4.37759732392451,2.43795428213473,-5.4837750977888,-7.12274573332272,25.2287108497146,42.3101152295862,10.1451201800357,24.0539685931945,24.0571116605026,-2.99428491697289,35.9201856980923
"MGH31_D09",39.444086005868,102.939562373133,40.0310098616037,17.0023055920644,-83.579983855842,48.8215469795332,48.2341023647221,9.33336113423975,180.373276733936,19.5771331049894,-3.52456703748135,7.18996740054566,-7.09626875599624,-1.70598656116869,77.5683660107336,70.5876793207169,3.44738983902093,-5.77560228116655,-26.0831061246381,-113.581812839898,-178.339885448535,-8.7929825428955,-40.0463762908706,-18.2673146911028,-8.09877517138935,5.70850196086546,15.5196145516644,-31.684400895268,18.0817570868067,-26.9709586799437,-30.7345909558617,-24.7249511881283,33.7167369522879,18.0825333256015,-6.95808876006998,44.4455514990951,-13.6003232395436,-11.8862687349029,-10.0504527988663,-17.9963805145152,20.4741349636451
"MGH31_D10",23.6932926873092,55.7966206006313,-52.1892933115397,11.6029368325211,-4.38226174818357,6.94226889714565,61.3513174361345,5.01847932877959,79.5987718438464,-23.7885898583567,-26.0022683608562,-2.39019117739983,-6.17078662922327,29.3445091788133,-147.971546549217,81.9773950363447,23.8826545099317,-104.407142255019,6.98333779039596,-74.0352303623989,-44.3417964836257,25.1954449832184,120.140271535026,-60.856437514552,-121.758532077479,2.1256539947153,28.5794083707655,5.04640141339157,-15.5096690466006,-129.759097568211,0.168075103989407,-31.3717647205949,117.202185827332,15.8250329561737,50.3605178005506,50.9856246059889,-4.74896239379117,20.4008202676501,35.0324857952576,11.8896277634189,14.9309940986083
"MGH31_D11",-14.608924063128,22.2287901906609,4.37021308267068,-4.58059284319657,-39.0174810630443,-38.6068817131412,68.6688089979378,15.0869937204901,47.1753110128769,7.21013108691492,-4.02778613466637,9.9805078231587,-4.96348285409866,8.31025850735299,52.3751927277393,-13.6346103604005,114.522582005606,-21.1607664296852,-78.6329907938047,-171.053171525691,-55.4993530271423,2.10457591231514,4.37254946025131,-60.7146004735016,64.679099077425,-29.1069465728815,11.0324243553967,-41.6221660331938,-27.4275489298096,-6.57882747352865,30.0021909304636,27.4314720403997,66.6242401866363,-3.08294693681932,53.2233378131078,35.4316443089626,-9.62036979249393,66.5528499435209,-15.272359322069,-19.2243683845313,-42.9781590918382
"MGH31_D12",35.2707206888127,-86.1590827032189,182.698221778581,20.3828230049818,13.0605541799589,81.9588753397169,85.8588463400707,18.0619026108941,50.6995730360715,-40.2420481947661,-31.5649781394988,-7.60266199985313,0.954254268217636,36.8085449361092,-119.635055152647,74.0414004234919,32.0340575517824,-97.0577872812749,-47.0868710971953,-58.899903791959,-44.3870275091046,19.0112217260973,70.6924255648503,-62.2064560754893,-115.903234930399,-7.03806240720645,10.4213394806805,-25.6257234098027,2.55638483136607,-170.690285242374,17.9092378062719,-14.173673286961,69.3033661449677,25.8196916024356,55.4320856941229,40.1262488621743,-0.787054316486159,72.3432797223348,18.6027539729441,-6.56805262771126,19.3284939395043
"MGH31_E01",-44.9460255310821,-37.6323999142804,97.7385421151257,50.8465954099829,-75.7606338455511,83.289312819004,115.677834033436,46.7442075082622,84.3438422308685,3.65619628412415,-3.19239524275448,-1.05143092829512,0.585263590292319,33.7583074791069,11.3540618044371,44.5430333233022,52.2068936039823,1.53203935278601,-106.917676666473,-80.531345666355,-227.757376255041,4.81258684951189,49.0877580939259,-35.303653941604,-154.790372391313,-3.55086762107852,59.2003746855323,0.264897356592119,-16.7174222034783,-6.28843263520564,37.8955666314764,-19.9827451788249,-19.116845412435,-12.4813293792376,14.0856174853531,62.943463701646,-7.07222772445809,-13.5496217485956,-5.18245544329049,-3.22157353081411,-1.8516214124192
"MGH31_E02",-17.7024181698926,-5.98108844816992,27.0802227997548,-2.82509004016738,-62.813667308167,-30.2370939583873,53.8548466623162,2.30180740626339,-39.1445539120591,20.1585670027901,-8.70658551658834,4.66900971875607,-2.7752171484733,24.0362411594544,11.8608180691358,90.5969695746149,41.3235495261351,-46.0817377922716,-12.6985461973609,12.9638281605372,-87.8753241214028,21.4606357172313,66.7310200159607,-52.0284587413601,-125.101675634691,-9.51517990948393,69.0263258776685,87.2055936482228,-24.4651014996274,-12.4929646991232,10.4157602421312,-15.1293831163806,48.3381589146422,20.5370445750859,-8.50799494985471,65.9222209941468,20.3641717709005,21.413775254984,-16.9794545899511,-18.8113652469669,10.2655488658636
"MGH31_E03",-14.3318087729055,12.770280416877,-28.3540769440826,43.3192292254192,-39.0456528287695,59.7881056511679,50.5450092634463,-6.74171823332796,53.4160646848881,6.52837063228352,-10.951062892617,-0.470711331888291,-6.13321986510683,-9.49265366523389,57.0528801403953,32.3778521834594,99.9405452463692,-9.67064866679538,-28.3116713327789,-37.7616662558476,-129.817601962542,0.712862506369146,32.9012213012263,-46.0700821771474,-159.605902420531,20.1428500449024,-11.9552185144527,-3.06863496510699,-23.1124697721347,-21.5305196333718,-6.97518949955831,27.7544778842154,-1.35658131027158,-26.7700345771531,37.8257963130143,34.0767937451368,16.3518813252979,25.5460267938478,12.9597541847946,13.2193389579745,-25.3669030039121
"MGH31_E04",-15.9500146544478,8.10958227980913,-8.83920485544295,-34.3679526480138,-63.7257504434356,30.6433015983075,62.6524562158235,-15.1129516144433,72.581719044527,-11.3785224682075,1.4831748285804,-10.1350296047485,11.6783175983981,-43.1426094762998,104.770695696994,-63.4448841914648,-58.383189875687,-69.6502561013761,-0.0711995476112985,151.856520734566,25.185618211957,-27.5785360398186,-10.9097272388113,0.444462844980586,-6.08248931465202,-20.3813571073067,4.81808620977706,17.1079579386291,-9.21337443561871,-25.7339781823254,11.9840955855335,0.42638772559847,18.247366373305,35.1427366628387,5.77070435504484,33.5382954998984,-8.73298037313933,-46.3544669155209,-14.5764368352297,-4.39878194949285,-32.0719080825757
"MGH31_E05",14.890506420141,114.816419318071,-4.67450992494491,-4.11368720997181,-106.149563477372,71.1756067720885,53.3860847630178,16.7790711223661,66.8130161636137,6.32069600341799,-4.07003905999172,13.3698593871229,-6.01781542623788,6.57264699425923,8.03057114624783,28.1793733413669,94.3684000792483,79.6593488589706,-133.845816081051,-131.356790841814,-72.4801734017284,40.1777454521814,96.1760826106219,-75.992850943231,-102.48575561492,-3.22592204697572,39.8112886560581,-22.3494750819747,-0.0227681863250682,-26.7698241869554,-19.6700220295122,-2.51977822176737,44.0422102748942,2.41637222395607,15.1312971165025,9.18609322876662,12.6785841103931,54.5821680443776,17.7091487621865,14.2943155517363,-11.7328871258306
"MGH31_E08",-38.7938619919517,52.377887112425,-116.166799620761,3.49669705027484,-54.1814451952623,0.583634027481422,104.84082833295,-8.86264719683423,94.8465193293463,-23.0241613720137,-10.5678044722223,12.782971592873,-3.80046497520411,8.88933625070669,71.195924730528,94.3461458214322,29.5745589388366,32.1007728077778,-115.156912826256,7.1354136371376,-100.165949592457,-42.9500569045836,27.8525188063176,-78.1014724861591,9.79530819420267,-8.97220009290657,18.1342937169394,-5.90474317198271,0.116607031426598,-70.5905066058662,-21.6620035496822,34.2742142153468,16.110935454988,25.6689784087589,34.4824600591663,54.4047005849439,12.2809778073004,37.6182702878335,8.07228977785934,-15.9305645006164,7.1009130587616
"MGH31_E09",33.8628122734665,-16.8998842922894,-64.3035010621304,15.9650017506668,-18.8413769726936,5.0220075402327,66.6264115090218,-20.3530965960108,8.44589342025663,-7.24318182096554,20.2297838318339,4.86509913790544,9.95074654813495,-10.5843606574157,50.4411034737692,-75.6336751421772,-14.311764154389,-44.7736214325815,-6.8681372961605,60.7754364808283,13.5545102451313,-43.2775081858257,-44.7130979224708,0.956167873376398,70.435138574635,-25.1549248629291,81.8959349724173,6.16665086198146,4.75767033495581,32.3977779512738,20.6324415026318,-22.9346598544007,39.149014748861,40.8147242767662,19.2123704994588,19.8322471217639,-31.2241833062044,-36.1377252519202,10.43408045183,-42.257808580217,-31.8527143303303
"MGH31_E11",-7.37274602683388,54.0963664245943,-103.258596242513,11.6130902668146,-17.4654942894679,26.3445132233081,104.724936604312,-19.9354781589999,94.4654660194412,-11.3849064039031,-6.35846113817041,8.06703108195612,-1.07017205619972,-1.91645990941755,65.9268379222802,49.6477012818799,-3.59053685396621,13.3739840898601,-80.896974480747,50.4278213536612,-104.114524503855,-47.8720882954297,44.4471726460312,-78.1732438778694,-42.93108235969,-3.65310085510202,-22.7183394978122,16.0651446892288,-14.8002405753287,-12.328132687213,-0.775650492725224,34.0800961701497,15.0733109737526,13.8465123240605,34.1917842906599,60.5892813684769,-0.899204588161656,-17.0777582801191,9.96175373877276,-37.3366609906169,-10.5204472356619
"MGH31_E12",58.7409560473425,12.3372739229843,-5.18019184804962,7.9979826465749,-55.0173200442153,-9.52425953483724,50.4358459730716,-9.27373135293069,9.64378177085677,41.3188407349218,-4.75909732282554,-7.14751193800193,-4.08387622093954,-18.2263431877497,33.759739839137,69.0127300571748,3.04441086500742,-23.4630962623995,-109.36454629679,-109.045993814846,-125.109335283555,23.9013746205534,35.7897650390375,-77.7446720271892,47.468360291846,-3.69852737946984,32.3544227360473,-37.3495897662108,-27.2010745579514,20.2470817773215,40.1391906193724,43.924883118927,84.5603943582962,-25.5830550841788,4.18440925267053,44.946821817378,18.3228499313201,18.2091832969147,-6.61125177774563,15.1805399804604,-38.1441156227762
"MGH31_F01",-2.25429799959572,-82.2569094940538,-72.5787231265928,-26.5709622295338,-7.14387553712159,53.3031989403404,44.0929994308097,-1.49544410609462,68.3023069878404,34.9797284846361,-13.4550554130197,-11.8424498659596,2.91663655120755,18.0446527469417,54.913255338433,32.5154703189633,-64.6029231767502,-16.8140325334842,23.0111808583975,137.535990799038,-131.151269563486,15.2196198975316,74.0428035886708,2.20742426944667,-43.3710356002942,-9.13624496168026,-17.4271692191316,29.0840565374947,2.00008904620567,-43.47852709205,-3.13815079628995,11.3501169494345,0.422462683466704,3.59841472062752,28.5921757793251,48.3577229873842,-21.6507472649699,-10.1643479206934,-47.1176020903993,-15.9466602023703,4.22815033313633
"MGH31_F02",-30.3140257479334,146.139016456864,34.0253893259891,26.8469453897249,-6.60455697365205,71.7532025691487,122.169529635132,13.3164348820277,50.0722127648212,-3.74171957835975,-24.6149422396141,-15.1095574488552,0.881706401171408,10.9691177214946,-116.437228187406,46.4288207980647,41.1605804424339,-120.981291310736,-52.8111757206987,-62.792611411748,-72.6537043154911,35.5791739873811,106.552856869627,-78.9680382476412,-156.016434603674,-1.74119522602694,71.644777947598,-68.5456127659203,2.89653669273692,-100.901161147525,19.9474842842811,-13.7772979703083,26.9734504739774,-3.60975425408332,10.6834369282476,42.2367267639711,-1.96385583515962,41.8193782535685,8.30342033706531,6.41888837806397,31.2489598379491
"MGH31_F03",-14.2496824268541,1.24114008187776,-13.8529254723317,6.77271162955444,-16.2766698854678,41.5248727261,30.4075669365035,8.19337610920137,21.505541298346,19.631896118945,-0.972185669896529,-13.0297881312743,-4.76323568762969,-0.0516860458434945,30.9915152744939,64.537152415082,75.663612084089,-32.6279886619454,-74.3710443043453,-78.9419531616894,-20.5510610410242,16.8464172459343,50.455737054159,-61.9970745031927,-117.016217694742,-7.3545545501265,22.6688280146681,42.668430202853,-14.7921518882743,-22.7925396484959,18.0319459614454,-4.96823513010259,38.4159695099857,1.50783775028053,7.52333258269349,43.6770069345865,20.4104354905196,26.1980781086183,30.2872215845865,34.3798477021591,-36.9550318266993
"MGH31_F04",-81.3574095209125,34.5111484806056,69.436689043317,23.0014545293959,-52.6732025235872,23.3586557704814,16.3472540993268,-2.50034383008718,-48.9109775147228,11.6561162076297,-3.8291842567739,18.0292582540522,-4.88217373756663,11.4755392715319,11.3360348345497,53.9664369843551,73.2513242410871,-30.3451819792453,-13.0629816668684,-41.9046492771193,-144.697675490836,12.1326765045509,58.876535664122,-83.4135087612114,-87.6912826456606,3.44668569384248,28.7121033415716,74.4646521820948,-4.11526203555659,-42.592105813379,0.340869387383086,-28.512884876345,40.9098596593102,22.0032450341353,37.0978735172674,68.4556706377863,16.39396129541,-27.5197695966208,-8.40990478626859,28.3116661010237,57.1247486724697
"MGH31_F06",2.67153335029074,110.338043932877,106.004888753284,21.6989493086163,-67.1060937530429,29.9347763128706,13.9376145952891,13.818641843011,71.1104023135461,21.4024278147074,-12.7853055479685,8.46945352521092,0.291641944097452,8.32853836667781,64.1750719419945,47.8819632951594,77.7672387455834,-35.9749533417192,-38.3076991831211,-32.8938186933728,-37.9000700951617,-17.7807709881422,-33.6948673857819,-28.7594167337294,-209.37469744895,4.22131928619966,6.35534127310025,12.3622058431678,-13.1812844211285,-83.0603347318042,-7.45744623994004,1.8136992770419,0.458351588827634,26.9976375473503,25.2560106605127,41.0882761579684,24.828408647957,19.6261117415839,-8.47121657022165,-2.31495064703776,-46.7347743621931
"MGH31_F07",8.6439941227805,86.0116229062947,34.5875952151378,-14.9679251250694,-87.151445209226,76.7646475421427,61.6373081323733,-5.77738180238248,186.589163514219,40.5224646082305,-2.93528827556434,-10.2381184760999,-2.57826305500208,15.3486750558423,47.5586500386254,63.4562630756998,68.1591639578651,-39.8341818488494,16.907568940601,-88.2096155815147,-178.457475422127,33.0571419780856,58.705746085681,22.8567658423768,5.70002453525754,-8.39672517732063,-37.2653438125659,-33.1473779639362,-4.68587071954705,-26.2369808078814,-26.5651318692578,-19.986329515864,10.9192288773059,1.44133154088186,1.09755681648094,54.5611064721133,9.41153811558062,6.07139479936059,-27.2261234650147,-10.3787865955443,-9.29219389726115
"MGH31_F08",-20.5850181831022,-38.3564946409571,89.7613897813555,17.404159792481,-62.9515371588068,31.3980306545649,69.0299406835429,-2.77956151002798,64.4088309382801,23.9398768388244,-16.4843667282985,-0.610425379860212,2.77920584038712,29.345011022713,9.72787902286773,30.7981950223745,45.161919565598,-18.7527972035965,-81.3845342499987,-80.2171246407454,-53.2775887901853,33.1199896049077,45.1451572576892,-77.4166617297578,-174.758799957902,1.9391235160957,69.7208519341081,60.5637982777326,-10.5652296886866,-42.621179208348,23.6109155292667,2.59412775093144,39.6956810260356,22.1445411369923,39.9557169739833,58.1866456068708,13.5703326982092,-7.210574199825,2.70226480006886,-17.8995321577728,5.79003071910621
"MGH31_F09",32.0649400400328,74.7501966210828,-24.8912930239675,51.5401412783061,-8.54184846600682,28.0417620182008,6.0218778843436,-2.19552935204272,190.694854620003,18.8383812472141,-18.2054470866558,3.86612737158437,8.03629703103721,27.7254732178949,46.7865270530695,74.5120592642789,60.6873190016335,-85.5043703179409,-34.2256125399297,-127.739684753033,-162.767467312701,2.64684911827144,64.1704717029177,-0.315919614791584,31.926227087826,3.19741554304212,-12.983155593542,-44.1432410729093,-19.0689623879354,-41.8115172548989,19.5067546961189,0.515644950305103,51.4090843874351,-20.0006972467372,29.2045457741503,41.0336839386723,-7.41865658921869,23.631437076441,3.05568066955694,-18.3158943083834,-5.82899481178066
"MGH31_F10",34.3830192090966,-19.3987463581666,32.0484468548594,38.6473702166457,-16.3765588639261,42.1265889658663,86.8613316439116,0.374511213941829,-67.5703539287943,-4.42619313001811,-1.60329020285633,-7.21401492450282,11.6718574515303,32.2858915354726,68.4002686858977,-85.8490254107432,-74.1655079020386,-43.2255172664411,-31.7540951083705,166.077990097855,-119.351003224151,35.8170791105357,26.4411549148141,27.7157941953924,29.2867367563518,-15.4432756117672,40.8010441507538,-21.477931036771,1.25893110806148,-43.7245880546966,7.37887119268496,39.096893400794,-14.1583277876108,42.7031005252922,2.45618927115667,18.093932661275,19.1091150273909,-36.3676319962604,-56.6945160604468,-5.79722345751748,-11.8837222061733
"MGH31_F11",-50.0202088235018,29.4298264155106,33.8069233076504,-4.35870028544971,-109.384986455829,50.6157731277722,52.6242659308567,5.40408563064122,85.2250855415939,-2.71042748420278,-5.93837379783485,9.28946087276841,3.47581148009496,13.7855132216302,35.6038065853886,58.9260853084027,96.4773047145591,21.8882994233084,-64.9089437501932,-39.2697669696509,-54.4470278470324,31.5631817007045,37.1008913044184,-80.3009704241416,-158.313201884947,6.99935448767671,53.1451913266756,12.5922380750066,-4.46039789616116,17.5776624928612,-2.67978994244737,15.2879290960609,39.9350918524218,2.40303496707161,27.2917365242154,34.6241182626913,8.4079864294558,-5.18341010450636,-5.56312871819957,-4.931049550535,22.1347985553006
"MGH31_F12",40.4419399087282,96.6402918191816,60.7241124754487,7.49350471108435,-81.206258093489,29.1615602783383,57.4666405901401,8.96005890225797,205.769146705407,9.0007929472219,-19.4316084791844,9.30495308061045,10.397119983345,21.0147068215281,51.4039402881535,38.9784352962964,27.3101437063167,-15.2694676187648,-25.9162563044698,-95.1592381914943,-101.259234487274,-32.2173975551998,65.6729411634826,15.966292907778,-31.6069432885936,-31.9984211551021,-74.2534038112758,-81.1295876566317,20.7748164313761,-18.6286410341025,-9.39045561910493,-39.8714731353683,66.3467871252384,-32.7579536695018,22.3305624777374,55.7106022634444,-16.3802758420365,-25.6728926801197,-25.7521894165652,0.0274009375908004,-11.9422473494047
"MGH31_G01",-40.9647271524918,-49.261599866933,82.829292378863,12.3794082233136,0.625666486561581,5.45259916325622,74.8376115152765,2.90106984844489,24.4618201469621,31.6220920955479,-9.85416141673787,16.2036105508784,-0.178674029288666,1.66731506457156,64.3892750229759,79.1314402052635,53.4967467381061,-32.3876983173439,-40.0229001359787,-122.930918813881,-66.1879652882923,20.4621637574404,62.7894524779322,-41.5656236000401,-136.967930867393,-6.26678374802336,53.7562418042456,60.5982039662083,4.19742458800844,-30.7702274260517,-33.6670781982321,7.0363508640006,23.8667341162987,-23.0110234415236,24.6013573746327,63.1423291677919,15.7900641130861,34.3843338565064,-7.79398888947748,-24.9743225277039,-33.0765570432169
"MGH31_G02",-15.0965205615703,-22.5802974406115,-44.2252751762376,30.8000366724272,-98.967443687957,-26.6715663671965,67.9496153656065,0.866873571605767,73.740107279309,23.4498716950281,-8.27034758034987,1.79111222374511,-3.36306461920328,37.8469042851788,24.7515164539727,3.9747329630112,10.5994604295461,7.17382251274072,-23.906986391982,36.2010546006128,-97.7739975473295,11.5783200847922,-24.7602932336683,-46.5148802202576,75.8879793169189,-18.406138521672,0.80317265527601,38.2313337991724,0.0671140701298767,-1.17276504094968,2.65719346722879,-66.5410765350946,75.543718256858,4.16068054984048,12.379371832327,45.3500818832625,-20.8107869861842,-28.8758712042727,11.8083372983752,8.06434815525166,18.4898536617879
"MGH31_G04",-3.65847022918368,-69.3534181416609,18.6203368002757,-16.0446193540315,14.9782036874503,-22.6337914221458,15.8903215537202,2.08640504995453,42.1431562237121,-9.26482731319724,-13.6298717673326,-2.29251654066191,-1.1901909496195,23.2197857377748,82.5934458006077,-0.979956867587908,0.88118668783094,0.568481105661356,-5.10905148368356,113.880966153333,-41.367126640794,-15.0848770829724,-17.8116838000434,31.8483264605097,45.3189261329805,-12.5397693203703,-0.15427412316544,-22.1473838405118,10.3354072063944,-14.1248283735302,3.27303132036294,-27.4745805019725,-33.6617828348931,12.003549602374,29.0822483228144,14.8353252562867,-25.5512225046346,-36.8798190301339,-19.7735741703583,-10.802241645133,8.85001576228031
"MGH31_G05",-26.8243926769573,59.9495272721118,101.856161233417,-11.876727905653,-80.6125505253229,58.856019546494,91.5658808075533,6.30184790184334,73.8654618033038,-20.0162994267534,-3.10292380416374,2.40024511249602,-6.2015958108191,32.0115948872616,-25.4497151930669,49.5127936696189,-22.3663417007019,8.07365889289776,-102.919539766506,-122.671719713118,-70.9754370815504,39.1800200577386,65.409442537829,-56.6304501091756,-67.759594706437,18.5493724455874,48.3704106184037,39.240936337209,-4.11779133852932,-42.9660191026324,43.3001490532482,-33.1349962641514,55.9809522161678,15.2411575113006,9.17336830563383,31.3163169140693,28.0099305758728,44.423236166517,1.94606716089641,-41.0139692967518,-60.9368130519353
"MGH31_G07",70.6047186989376,84.3951489968621,23.727762598923,6.52467267221486,-57.9321394486656,33.2234621398101,93.6347940090689,-18.5046214353385,166.457930075876,3.64309998712689,-9.55909401005028,4.76930819044259,1.26501332299738,8.66453423692212,73.8373710746919,66.2365476336671,57.9310072377963,-7.09240190729716,33.6040185733397,-162.273799867314,-215.503746279065,-13.3170444571293,70.3021417160066,19.1561273559582,-13.0220781015737,-25.8335643786243,27.6616382005609,-81.5317110963151,7.09194420504327,-62.2233762095228,10.0594580463458,-7.44727613615469,11.4983173797409,-17.516028994951,23.260932116894,43.8408001731572,-3.32491432747387,18.2688445553189,-29.9609872541974,-38.7755413760129,14.8193898730015
"MGH31_G08",-4.66038641957763,-29.4040086659738,-79.669766499312,-10.1562581074869,-80.877277888517,26.8873398668724,10.7194024792243,15.38936659814,-14.1159445608274,10.9236244235075,-13.855119292831,-2.02626117807829,-2.57028389894933,63.920711982627,-35.6641089139769,85.5089612265168,86.3876116387724,20.8689097710706,41.6592549535435,-43.4527792872736,-97.7004898017954,48.2151087717803,78.2829915526698,-54.9003143285825,-169.327377940088,-21.1538133217061,-28.3211567859443,89.493684527419,12.9124993778106,2.34704796268564,-3.23695414024141,4.68516399385626,90.3161351569236,32.6340581919491,17.5052244667928,54.026092773058,-20.5847667223446,38.430861093971,0.733940364016964,-21.4052555641155,-33.6552652448464
"MGH31_G09",22.2486031786463,-30.940882874278,50.9736373583492,-13.7284923743212,-44.1517704693068,60.850884543137,70.6241027252367,-13.4012238424129,69.8157412840633,-3.74548410258141,-13.6945180911908,-7.81356334338391,1.17261308530536,-8.22255392489165,51.6247567849863,90.0021699221006,62.3373322555143,37.5248539681743,-91.270409010328,-97.9401902862211,-55.5290160749575,20.1189083732421,40.5600402138069,-67.1529772113468,-182.052746171531,10.0588997162097,26.4716763146762,25.5218615912263,1.01969327010304,-36.0849881581324,-12.8205832629134,23.5550022073156,31.2566574274314,19.030802008682,34.0218839675263,40.2365385032754,45.2755335915026,33.5160790371533,13.9852936836279,-24.7037296331645,-39.4597380532984
"MGH31_G10",2.6553091703492,-18.1286406136477,-49.4070525605788,1.85017737273475,-84.9481164678826,25.452492598364,102.202627192951,-17.7536310839251,162.710553349719,24.9630316501459,2.50067697599359,6.90931522797636,-2.04811567670646,25.8194441150965,22.1346139131566,49.8042389119815,13.9589675413332,3.84219285328368,-71.7960580298109,-44.4724757366878,-131.609127756498,-18.1780281655376,-10.2487606529734,-2.69096428811033,-26.887342028606,-26.9387342619443,50.0022176079817,6.71168781104765,-15.8763994297222,-16.9626107617781,7.29807789131145,14.3384337653802,27.4917754250953,4.69265847334446,23.8336856577812,53.4237643544031,-11.5679160444794,-47.169060795559,-0.0508091634479272,5.71884860793251,8.47259739677843
"MGH31_G12",55.1119771492036,20.0577425977318,61.2539183868627,77.6695776899324,-22.644763944248,27.1579499988063,61.9729762616672,5.21593029482957,257.291932481465,33.5787458078105,-6.01289862077741,-8.51435164578123,-6.16407706121196,29.3696683766777,26.2253161035974,20.7517075777599,-2.60768849965915,-16.8441425594269,4.20773707726157,-36.3172098582494,-278.492869143332,-24.2956056661425,54.6712637009971,-23.409088414969,-58.6323626602301,-25.0608377043153,42.5051110943428,-45.3447438352905,-22.8121750788535,-81.0769659707365,18.3231660257137,-3.23650633309121,20.192684446596,5.20962615973148,41.7605462089397,38.4173936358156,-4.52703729510209,-38.1806954328096,-0.289937583011832,-21.5623310025719,-9.70708860858065
"MGH31_H01",22.2989006462566,202.347457876391,-34.81291376049,-2.87390620639294,-110.019726211477,35.0278734835862,56.1279910593642,-6.64932632610261,246.570211823935,19.4083366460415,-15.6881560664662,7.57908877804639,-4.34853292177066,4.24092479322841,87.3724798189197,83.0032310694159,53.8351370193284,-9.34830306975901,-42.5950865828734,-117.862141693713,-183.94288995871,30.8029561957271,-8.79901661445759,20.745405379114,-22.0225120292642,-18.741421991559,2.37115172580795,-122.541605785011,-9.22859477839414,-15.4689221587567,-3.97121515019369,1.15824121462424,-12.7061268042685,-24.1258432889923,22.6755298778416,41.7918829256596,-7.23897244358689,-9.28000332445937,1.57154051596019,1.20908773053565,-18.5226027713733
"MGH31_H02",44.4463797436304,165.722483953081,-21.0196769364981,-2.44131965808004,-72.6231514890962,21.4764312758677,28.0968056894275,4.75063584654116,174.132175371827,-2.41780491251212,1.10968660993048,-3.01463983186027,-7.26641044332395,32.8965979158708,91.8129230477938,104.183209535225,65.3918296388711,2.99579940418175,-32.1417800580135,-141.395415132932,-206.865726300258,3.76566550078155,3.64261995590255,-16.2556508710943,-54.3568241353988,12.7965281810755,49.0419064211994,-29.6610566427417,-8.78355322790641,-28.2997961737397,-19.8194955136553,18.8055204698036,-33.6324028204655,-5.61614916427156,26.61701892194,48.6136774193302,2.536874430978,-5.70652151618621,-13.0747781346109,-24.2916364438828,25.018088627565
"MGH31_H04",-13.9182117180316,140.331290236532,151.289916667082,25.2630413758576,-10.7744474765219,37.189308797008,73.3673985291677,-0.148746610265147,88.580656368149,-10.4426928205488,-20.1235507102995,1.02496292060763,-2.43949208613605,8.17816642655664,-55.1027237547402,97.5890323828657,21.5065252017383,-105.772149915908,-17.2999460428242,17.5639271631582,-126.330368284936,70.9529870853607,17.6280795032215,-58.4251494979313,-136.164771414649,7.16912396561643,29.2251092711803,-96.7740079981975,-1.89118393959322,-149.85409924885,18.6887413710913,-55.1065087430983,16.6440013829442,23.4632656520254,16.6965192461081,41.9654076925818,8.51105281511852,40.0370432516276,19.6467051558306,2.49688846378494,-9.35258756518608
"MGH31_H05",11.2211375677746,19.2462628349473,88.7831893212263,-2.01717165366745,-53.1939883347468,3.33552492303742,86.1868395625604,-0.674229836732485,109.067366526837,17.8826270872918,-26.6910842446622,-1.48537354616898,5.93438382312887,17.3294828866159,-46.7792713251886,92.8444258791336,1.8756677272147,0.514689047738534,-63.4705033078455,30.277738778781,-26.0182672344858,4.65454428928408,75.3418749242045,-31.8338063008833,-134.629414508213,7.77582441004602,24.0539594554382,-58.1516953953239,16.0510138072982,-90.0507766482034,23.2983708562325,-19.4844396594038,50.1705803501187,15.8179285637529,13.6026864223493,23.503253043913,4.3313946136688,-4.11546369645463,6.24302862694365,-16.014285404763,-36.3448298510644
"MGH31_H06",54.2771039013439,209.387384120032,12.201143614385,-4.20336721535359,-79.2460305368262,-13.0727768613711,63.5066090400704,15.5984772996414,212.019289597651,20.8248201909439,-15.0531672977857,1.19321298932405,2.05435258638881,15.1740288925951,59.6696417839469,71.7930417755038,56.0398404238652,-27.8287518868322,-18.8202558163563,-108.628955182515,-176.310503227837,27.220251305684,41.8192872745952,-8.78542200086117,-60.9538779720074,7.44457288802682,15.1738357246891,-55.835546757794,8.18061967142468,-52.8014248106394,-2.14785372708787,-3.69700719489632,-4.13495799625937,0.240153309643353,9.40779681274705,38.3801392154759,-14.076505808588,-17.9915597505941,-22.0253004780125,9.72850619569555,-1.00547769523358
"MGH31_H07",-62.9138657229405,-21.2147724023983,-12.7335192277082,-63.017851311749,27.2812743896283,7.73504579656843,95.9430896465435,-0.819690769804802,20.5887125899079,17.5990230858637,-9.21051725450379,-19.1161383983825,0.751562333930532,-12.3952783094773,95.6811212168699,-51.7296251313861,-36.7499501752614,30.9130269800728,11.5226830417475,88.3763650780097,-67.1724687292241,-1.64438713313372,47.4434262036512,-10.3498010107943,67.6228135993307,-15.4160038635758,11.3791954857417,-74.2510429044273,20.9962683976668,-19.1162044501279,21.4006757161617,37.7522655656028,-41.703333982487,22.111467806034,-1.35610348405854,37.0007205799402,-2.4041006304636,-28.4483774461767,-33.8963458370561,-2.1766066150827,-8.21870607828152
"MGH31_H08",-39.0469710228581,63.1389885192648,13.5745000507696,0.450060436183565,-48.9645555859431,22.4514339819618,89.5067101545441,-12.8861627442868,296.15566187598,7.50989000576524,-8.39905446122055,-6.96279544641654,3.53975794154822,-20.9424160406842,102.486424168107,26.206715960343,8.38691815558509,-78.0242225564184,6.3565759310995,-69.3439104299307,-124.924072103772,14.3042727509888,79.7203816750508,42.1388745422375,10.810378928997,12.3790892315314,-6.27813571267263,-96.4857232152772,-3.54187845588618,-24.2985643439341,-17.5417838417017,-33.9230663133106,42.2170742974225,-4.70925971093936,5.61352471446147,49.9515899343982,-19.1537206101201,-3.64629315455757,-14.27039383329,-25.898714343285,0.917232789743196
"MGH31_H09",12.8699793807973,-40.7980858059869,3.15226441153169,36.9739635384511,-40.9049963218853,52.3920920751169,105.244194114321,-2.33651109788921,12.8666902879119,22.4301279684102,-11.6469141260436,-10.7643934778182,-5.71280672164906,23.3979565090162,31.5409347546973,57.6761419424913,45.1674130485837,29.1258498182077,-42.0237313040396,-57.2108750538416,-126.177071658947,-36.0120612470083,51.2182450173667,-32.8386696330343,-140.608675426697,-16.086799781699,-14.1912056122649,-0.744933570288459,0.184076490089376,-69.9295292637348,38.1270308156336,22.3517024163474,-11.1311507909861,20.847512849816,15.5829754868953,53.1051998086414,4.53966484884296,37.4442529432455,11.0031841648466,15.5251647407698,0.507415605553839
"MGH31_H10",2.05961601189973,-16.4230110467943,-154.445048936049,55.9932938381587,-73.2374852753677,51.8346500172772,17.5490503070819,-21.7574888053431,140.336418549228,-11.377028140884,-2.34478475249149,-11.8400475137022,-3.34986417561259,38.9161250596782,-34.3291929856357,80.0514647392053,-2.06559815252417,-115.81228224544,19.6611853178883,-50.6390216045935,-262.197703777772,63.4021502390014,136.488846517378,-37.3962590806717,-133.003709950726,-13.6128508360889,0.702806698073703,38.9560032840601,42.9615431724143,-54.6195353556088,39.7395142771493,-7.56172981643531,76.6632409806728,40.2854705468002,36.0166014645955,46.9068910504679,-22.2043078841378,-5.56018245627546,37.6396572690185,-8.60085416448709,-48.8893927458388
"MGH31_H11",24.0690986183719,-32.8188035785441,37.6649747809336,-4.13635433711057,-72.349596267498,-1.58121499161902,40.6702550701217,7.87707323807992,95.1544052580312,25.3302645687201,-10.9942706058306,11.453042321097,2.60354079678146,20.3128413827238,107.289674936477,67.9894794925233,91.344735302805,56.4145713777314,-78.7839577867321,-108.562022237823,-149.579300245758,-14.6966089535831,-31.2094739975206,-75.5942479338434,-130.778330443514,-9.89977597903563,51.12293639617,0.775067767343978,-1.18038856334664,-33.2690558034707,-7.7632374178119,-6.8862550090759,-17.9815624007347,-3.16186224177746,4.37956740771588,25.111326367046,34.0303285439663,87.0928492037991,40.5747946449636,-5.72565631811143,6.43061681054361
"MGH31_H12",-22.0477952050507,75.955631328909,44.2925272427572,16.2918238925167,-11.5904691426228,54.2080638112519,111.001223416995,-19.7854618581971,204.409035292995,7.98305231387319,-13.4870409341972,-11.0683513211079,-7.39073665840258,-9.08869341637361,108.536866445213,109.781476499187,41.0288132641519,-1.17141458538779,-5.25054619179977,-98.1746957568534,-202.133408254716,19.9344016826352,51.3204886091831,-0.628491119799579,-44.508602904286,10.6748393900571,4.41591183315953,-75.5116274756609,3.52885001062542,-32.9487459834487,-23.9468745523917,-7.36825874817385,-29.241033376203,-5.92300885802678,16.132323907456,37.9389884063235,-8.62893516605101,2.45403083131709,-15.2622803992545,-27.7589744417635,-22.7851970486889
