"1:1:83768420","1:83768420:161558933","1:161558933:248956422","2:1:83181766","2:83181766:152704999","2:152704999:242193529","3:1:198295559","4:1:85647163","4:85647163:190214555","5:1:181538259","6:1:82881056","6:82881056:170805979","7:1:75067438","7:75067438:159345973","8:1:63641094","8:63641094:145138636","9:1:138394717","10:1:74178046","10:74178046:133797422","11:1:135086622","12:1:133275309","13:1:114364328","14:1:107043718","15:1:47207012","15:47207012:101991189","16:1:90338345","17:1:83257441","18:1:80373285","19:1:58617616","20:1:64444167","21:1:46709983","22:1:50818468"
"cell1",2,2,1,2,2,2,2,1,2,2,1,2,2,2,3,2,2,2,2,3,1,2,2,2,2,2,2,2,2,2,1,2
"cell2",2,2,1,2,2,2,2,1,2,2,1,2,2,2,3,2,2,2,2,3,1,2,2,2,2,2,2,2,2,2,1,2
"cell3",2,2,1,2,2,2,2,1,2,2,1,2,2,2,3,2,2,2,2,3,1,2,2,2,2,2,2,2,2,2,1,2
"cell4",2,2,1,2,2,2,2,1,2,2,1,2,2,2,3,2,2,2,2,3,1,2,2,2,2,2,2,2,2,2,1,2
"cell5",2,2,1,2,2,2,2,1,2,2,1,2,2,2,3,2,2,2,2,3,1,2,2,2,2,2,2,2,2,2,1,2
"cell6",2,2,1,2,2,2,2,1,2,2,1,2,2,2,3,2,2,2,2,3,1,2,2,2,2,2,2,2,2,2,1,2
"cell7",2,2,1,2,2,2,2,1,2,2,1,2,2,2,3,2,2,2,2,3,1,2,2,2,2,2,2,2,2,2,1,2
"cell8",2,2,1,2,2,2,2,1,2,2,1,2,2,2,3,2,2,2,2,3,1,2,2,2,2,2,2,2,2,2,1,2
"cell9",2,2,1,2,2,2,2,1,2,2,1,2,2,2,3,2,2,2,2,3,1,2,2,2,2,2,2,2,2,2,1,2
"cell10",2,2,1,2,2,2,2,1,2,2,1,2,2,2,3,2,2,2,2,3,1,2,2,2,2,2,2,2,2,2,1,2
"cell11",2,2,1,2,2,2,2,1,2,2,1,2,2,2,3,2,2,2,2,3,1,2,2,2,2,2,2,2,2,2,1,2
"cell12",2,2,1,2,2,2,2,1,2,2,1,2,2,2,3,2,2,2,2,3,1,2,2,2,2,2,2,2,2,2,1,2
"cell13",2,2,1,2,2,2,2,1,2,2,1,2,2,2,3,2,2,2,2,3,1,2,2,2,2,2,2,2,2,2,1,2
"cell14",2,2,1,2,2,2,2,1,2,2,1,2,2,2,3,2,2,2,2,3,1,2,2,2,2,2,2,2,2,2,1,2
"cell15",2,2,1,2,2,2,2,1,2,2,1,2,2,2,3,2,2,2,2,3,1,2,2,2,2,2,2,2,2,2,1,2
"cell16",2,2,1,2,2,2,2,1,2,2,1,2,2,2,3,2,2,2,2,3,1,2,2,2,2,2,2,2,2,2,1,2
"cell17",2,2,1,2,2,2,2,1,2,2,1,2,2,2,3,2,2,2,2,3,1,2,2,2,2,2,2,2,2,2,1,2
"cell18",2,2,1,2,2,2,2,1,2,2,1,2,2,2,3,2,2,2,2,3,1,2,2,2,2,2,2,2,2,2,1,2
"cell19",2,2,1,2,2,2,2,1,2,2,1,2,2,2,3,2,2,2,2,3,1,2,2,2,2,2,2,2,2,2,1,2
"cell20",2,2,1,2,2,2,2,1,2,2,1,2,2,2,3,2,2,2,2,3,1,2,2,2,2,2,2,2,2,2,1,2
"cell21",2,2,1,2,2,2,2,1,2,2,1,2,2,2,3,2,2,2,2,3,1,2,2,2,2,2,2,2,2,2,1,2
"cell22",2,2,1,2,2,2,2,1,2,2,1,2,2,2,3,2,2,2,2,3,1,2,2,2,2,2,2,2,2,2,1,2
"cell23",2,2,1,2,2,2,2,1,2,2,1,2,2,2,3,2,2,2,2,3,1,2,2,2,2,2,2,2,2,2,1,2
"cell24",2,2,1,2,2,2,2,1,2,2,1,2,2,2,3,2,2,2,2,3,1,2,2,2,2,2,2,2,2,2,1,2
"cell25",2,2,1,2,2,2,2,1,2,2,1,2,2,2,3,2,2,2,2,3,1,2,2,2,2,2,2,2,2,2,1,2
"cell26",2,2,1,2,2,2,2,1,2,2,1,2,2,2,3,2,2,2,2,3,1,2,2,2,2,2,2,2,2,2,1,2
"cell27",2,2,1,2,2,2,2,1,2,2,1,2,2,2,3,2,2,2,2,3,1,2,2,2,2,2,2,2,2,2,1,2
"cell28",2,2,1,2,2,2,2,1,2,2,1,2,2,2,3,2,2,2,2,3,1,2,2,2,2,2,2,2,2,2,1,2
"cell29",2,2,1,2,2,2,2,1,2,2,1,2,2,2,3,2,2,2,2,3,1,2,2,2,2,2,2,2,2,2,1,2
"cell30",2,2,1,2,2,2,2,1,2,2,1,2,2,2,3,2,2,2,2,3,1,2,2,2,2,2,2,2,2,2,1,2
"cell31",2,2,1,2,2,2,2,1,2,2,1,2,2,2,3,2,2,2,2,3,1,2,2,2,2,2,2,2,2,2,1,2
"cell32",2,2,1,2,2,2,2,1,2,2,1,2,2,2,3,2,2,2,2,3,1,2,2,2,2,2,2,2,2,2,1,2
"cell33",2,2,1,2,2,2,2,1,2,2,1,2,2,2,3,2,2,2,2,3,1,2,2,2,2,2,2,2,2,2,1,2
"cell34",2,2,1,2,2,2,2,1,2,2,1,2,2,2,3,2,2,2,2,3,1,2,2,2,2,2,2,2,2,2,1,2
"cell35",2,2,1,2,2,2,2,1,2,2,1,2,2,2,3,2,2,2,2,3,1,2,2,2,2,2,2,2,2,2,1,2
"cell36",2,2,1,2,2,2,2,1,2,2,1,2,2,2,3,2,2,2,2,3,1,2,2,2,2,2,2,2,2,2,1,2
"cell37",2,2,1,2,2,2,2,1,2,2,1,2,2,2,3,2,2,2,2,3,1,2,2,2,2,2,2,2,2,2,1,2
"cell38",2,2,1,2,2,2,2,1,2,2,1,2,2,2,3,2,2,2,2,3,1,2,2,2,2,2,2,2,2,2,1,2
"cell39",2,2,1,2,2,2,2,1,2,2,1,2,2,2,3,2,2,2,2,3,1,2,2,2,2,2,2,2,2,2,1,2
"cell40",2,2,1,2,2,2,2,1,2,2,1,2,2,2,3,2,2,2,2,3,1,2,2,2,2,2,2,2,2,2,1,2
"cell41",2,2,1,2,2,2,2,1,2,2,1,2,2,2,3,2,2,2,2,3,1,2,2,2,2,2,2,2,2,2,1,2
"cell42",2,2,1,2,2,2,2,1,2,2,1,2,2,2,3,2,2,2,2,3,1,2,2,2,2,2,2,2,2,2,1,2
"cell43",2,2,1,2,2,2,2,1,2,2,1,2,2,2,3,2,2,2,2,3,1,2,2,2,2,2,2,2,2,2,1,2
"cell44",2,2,1,2,2,2,2,1,2,2,1,2,2,2,3,2,2,2,2,3,1,2,2,2,2,2,2,2,2,2,1,2
"cell45",2,2,1,2,2,2,2,1,2,2,1,2,2,2,3,2,2,2,2,3,1,2,2,2,2,2,2,2,2,2,1,2
"cell46",2,2,1,2,2,2,2,1,2,2,1,2,2,2,3,2,2,2,2,3,1,2,2,2,2,2,2,2,2,2,1,2
"cell47",2,2,1,2,2,2,2,1,2,2,1,2,2,2,3,2,2,2,2,3,1,2,2,2,2,2,2,2,2,2,1,2
"cell48",2,2,1,2,2,2,2,1,2,2,1,2,2,2,3,2,2,2,2,3,1,2,2,2,2,2,2,2,2,2,1,2
"cell49",2,2,1,2,2,2,2,1,2,2,1,2,2,2,3,2,2,2,2,3,1,2,2,2,2,2,2,2,2,2,1,2
"cell50",2,2,1,2,2,2,2,1,2,2,1,2,2,2,3,2,2,2,2,3,1,2,2,2,2,2,2,2,2,2,1,2
"cell51",2,2,1,2,2,2,2,1,2,2,1,2,2,2,3,2,2,2,2,3,1,2,2,2,2,2,2,2,2,2,1,2
"cell52",2,2,1,2,2,2,2,1,2,2,1,2,2,2,3,2,2,2,2,3,1,2,2,2,2,2,2,2,2,2,1,2
"cell53",2,2,1,2,2,2,2,1,2,2,1,2,2,2,3,2,2,2,2,3,1,2,2,2,2,2,2,2,2,2,1,2
"cell54",2,2,1,2,2,2,2,1,2,2,1,2,2,2,3,2,2,2,2,3,1,2,2,2,2,2,2,2,2,2,1,2
"cell55",2,2,1,2,2,2,2,1,2,2,1,2,2,2,3,2,2,2,2,3,1,2,2,2,2,2,2,2,2,2,1,2
"cell56",2,2,1,2,2,2,2,1,2,2,1,2,2,2,3,2,2,2,2,3,1,2,2,2,2,2,2,2,2,2,1,2
"cell57",2,2,1,2,2,2,2,1,2,2,1,2,2,2,3,2,2,2,2,3,1,2,2,2,2,2,2,2,2,2,1,2
"cell58",2,2,1,2,2,2,2,1,2,2,1,2,2,2,3,2,2,2,2,3,1,2,2,2,2,2,2,2,2,2,1,2
"cell59",2,2,1,2,2,2,2,1,2,2,1,2,2,2,3,2,2,2,2,3,1,2,2,2,2,2,2,2,2,2,1,2
"cell60",2,2,1,2,2,2,2,1,2,2,1,2,2,2,3,2,2,2,2,3,1,2,2,2,2,2,2,2,2,2,1,2
"cell61",2,2,1,2,2,2,2,1,2,2,1,2,2,2,3,2,2,2,2,3,1,2,2,2,2,2,2,2,2,2,1,2
"cell62",2,2,1,2,2,2,2,1,2,2,1,2,2,2,3,2,2,2,2,3,1,2,2,2,2,2,2,2,2,2,1,2
"cell63",2,2,1,2,2,2,2,1,2,2,1,2,2,2,3,2,2,2,2,3,1,2,2,2,2,2,2,2,2,2,1,2
"cell64",2,2,1,2,2,2,2,1,2,2,1,2,2,2,3,2,2,2,2,3,1,2,2,2,2,2,2,2,2,2,1,2
"cell65",2,2,1,2,2,2,2,1,2,2,1,2,2,2,3,2,2,2,2,3,1,2,2,2,2,2,2,2,2,2,1,2
"cell66",2,2,1,2,2,2,2,1,2,2,1,2,2,2,3,2,2,2,2,3,1,2,2,2,2,2,2,2,2,2,1,2
"cell67",2,2,1,2,2,2,2,1,2,2,1,2,2,2,3,2,2,2,2,3,1,2,2,2,2,2,2,2,2,2,1,2
"cell68",2,2,1,2,2,2,2,1,2,2,1,2,2,2,3,2,2,2,2,3,1,2,2,2,2,2,2,2,2,2,1,2
"cell69",2,2,1,2,2,2,2,1,2,2,1,2,2,2,3,2,2,2,2,3,1,2,2,2,2,2,2,2,2,2,1,2
"cell70",2,2,1,2,2,2,2,1,2,2,1,2,2,2,3,2,2,2,2,3,1,2,2,2,2,2,2,2,2,2,1,2
"cell71",2,2,1,2,2,2,2,1,2,2,1,2,2,2,3,2,2,2,2,3,1,2,2,2,2,2,2,2,2,2,1,2
"cell72",2,2,1,2,2,2,2,1,2,2,1,2,2,2,3,2,2,2,2,3,1,2,2,2,2,2,2,2,2,2,1,2
"cell73",2,2,1,2,2,2,2,1,2,2,1,2,2,2,3,2,2,2,2,3,1,2,2,2,2,2,2,2,2,2,1,2
"cell74",2,2,1,2,2,2,2,1,2,2,1,2,2,2,3,2,2,2,2,3,1,2,2,2,2,2,2,2,2,2,1,2
"cell75",2,2,1,2,2,2,2,1,2,2,1,2,2,2,3,2,2,2,2,3,1,2,2,2,2,2,2,2,2,2,1,2
"cell76",2,2,1,2,2,2,2,1,2,2,1,2,2,2,3,2,2,2,2,3,1,2,2,2,2,2,2,2,2,2,1,2
"cell77",2,2,1,2,2,2,2,1,2,2,1,2,2,2,3,2,2,2,2,3,1,2,2,2,2,2,2,2,2,2,1,2
"cell78",2,2,1,2,2,2,2,1,2,2,1,2,2,2,3,2,2,2,2,3,1,2,2,2,2,2,2,2,2,2,1,2
"cell79",2,2,1,2,2,2,2,1,2,2,1,2,2,2,3,2,2,2,2,3,1,2,2,2,2,2,2,2,2,2,1,2
"cell80",2,2,1,2,2,2,2,1,2,2,1,2,2,2,3,2,2,2,2,3,1,2,2,2,2,2,2,2,2,2,1,2
"cell81",2,2,1,2,2,2,2,1,2,2,1,2,2,2,3,2,2,2,2,3,1,2,2,2,2,2,2,2,2,2,1,2
"cell82",2,2,1,2,2,2,2,1,2,2,1,2,2,2,3,2,2,2,2,3,1,2,2,2,2,2,2,2,2,2,1,2
"cell83",2,2,1,2,2,2,2,1,2,2,1,2,2,2,3,2,2,2,2,3,1,2,2,2,2,2,2,2,2,2,1,2
"cell84",2,2,1,2,2,2,2,1,2,2,1,2,2,2,3,2,2,2,2,3,1,2,2,2,2,2,2,2,2,2,1,2
"cell85",2,2,1,2,2,2,2,1,2,2,1,2,2,2,3,2,2,2,2,3,1,2,2,2,2,2,2,2,2,2,1,2
"cell86",2,2,1,2,2,2,2,1,2,2,1,2,2,2,3,2,2,2,2,3,1,2,2,2,2,2,2,2,2,2,1,2
"cell87",2,2,1,2,2,2,2,1,2,2,1,2,2,2,3,2,2,2,2,3,1,2,2,2,2,2,2,2,2,2,1,2
"cell88",2,2,1,2,2,2,2,1,2,2,1,2,2,2,3,2,2,2,2,3,1,2,2,2,2,2,2,2,2,2,1,2
"cell89",2,2,1,2,2,2,2,1,2,2,1,2,2,2,3,2,2,2,2,3,1,2,2,2,2,2,2,2,2,2,1,2
"cell90",2,2,1,2,2,2,2,1,2,2,1,2,2,2,3,2,2,2,2,3,1,2,2,2,2,2,2,2,2,2,1,2
"cell91",2,2,1,2,2,2,2,1,2,2,1,2,2,2,3,2,2,2,2,3,1,2,2,2,2,2,2,2,2,2,1,2
"cell92",2,2,1,2,2,2,2,1,2,2,1,2,2,2,3,2,2,2,2,3,1,2,2,2,2,2,2,2,2,2,1,2
"cell93",2,2,1,2,2,2,2,1,2,2,1,2,2,2,3,2,2,2,2,3,1,2,2,2,2,2,2,2,2,2,1,2
"cell94",2,2,1,2,2,2,2,1,2,2,1,2,2,2,3,2,2,2,2,3,1,2,2,2,2,2,2,2,2,2,1,2
"cell95",2,2,1,2,2,2,2,1,2,2,1,2,2,2,3,2,2,2,2,3,1,2,2,2,2,2,2,2,2,2,1,2
"cell96",2,2,1,2,2,2,2,1,2,2,1,2,2,2,3,2,2,2,2,3,1,2,2,2,2,2,2,2,2,2,1,2
"cell97",2,2,1,2,2,2,2,1,2,2,1,2,2,2,3,2,2,2,2,3,1,2,2,2,2,2,2,2,2,2,1,2
"cell98",2,2,1,2,2,2,2,1,2,2,1,2,2,2,3,2,2,2,2,3,1,2,2,2,2,2,2,2,2,2,1,2
"cell99",2,2,1,2,2,2,2,1,2,2,1,2,2,2,3,2,2,2,2,3,1,2,2,2,2,2,2,2,2,2,1,2
"cell100",2,2,1,2,2,2,2,1,2,2,1,2,2,2,3,2,2,2,2,3,1,2,2,2,2,2,2,2,2,2,1,2
"cell101",2,2,1,2,2,2,2,1,2,2,1,2,2,2,3,2,2,2,2,3,1,2,2,2,2,2,2,2,2,2,1,2
"cell102",2,2,1,2,2,2,2,1,2,2,1,2,2,2,3,2,2,2,2,3,1,2,2,2,2,2,2,2,2,2,1,2
"cell103",2,2,1,2,2,2,2,1,2,2,1,2,2,2,3,2,2,2,2,3,1,2,2,2,2,2,2,2,2,2,1,2
"cell104",2,2,1,2,2,2,2,1,2,2,1,2,2,2,3,2,2,2,2,3,1,2,2,2,2,2,2,2,2,2,1,2
"cell105",2,2,1,2,2,2,2,1,2,2,1,2,2,2,3,2,2,2,2,3,1,2,2,2,2,2,2,2,2,2,1,2
"cell106",2,2,1,2,2,2,2,1,2,2,1,2,2,2,3,2,2,2,2,3,1,2,2,2,2,2,2,2,2,2,1,2
"cell107",2,2,1,2,2,2,2,1,2,2,1,2,2,2,3,2,2,2,2,3,1,2,2,2,2,2,2,2,2,2,1,2
"cell108",2,2,1,2,2,2,2,1,2,2,1,2,2,2,3,2,2,2,2,3,1,2,2,2,2,2,2,2,2,2,1,2
"cell109",2,2,1,2,2,2,2,1,2,2,1,2,2,2,3,2,2,2,2,3,1,2,2,2,2,2,2,2,2,2,1,2
"cell110",2,2,1,2,2,2,2,1,2,2,1,2,2,2,3,2,2,2,2,3,1,2,2,2,2,2,2,2,2,2,1,2
"cell111",2,2,1,2,2,2,2,1,2,2,1,2,2,2,3,2,2,2,2,3,1,2,2,2,2,2,2,2,2,2,1,2
"cell112",2,2,1,2,2,2,2,1,2,2,1,2,2,2,3,2,2,2,2,3,1,2,2,2,2,2,2,2,2,2,1,2
"cell113",2,2,1,2,2,2,2,1,2,2,1,2,2,2,3,2,2,2,2,3,1,2,2,2,2,2,2,2,2,2,1,2
"cell114",2,2,1,2,2,2,2,1,2,2,1,2,2,2,3,2,2,2,2,3,1,2,2,2,2,2,2,2,2,2,1,2
"cell115",2,2,1,2,2,2,2,1,2,2,1,2,2,2,3,2,2,2,2,3,1,2,2,2,2,2,2,2,2,2,1,2
"cell116",2,2,1,2,2,2,2,1,2,2,1,2,2,2,3,2,2,2,2,3,1,2,2,2,2,2,2,2,2,2,1,2
"cell117",2,2,1,2,2,2,2,1,2,2,1,2,2,2,3,2,2,2,2,3,1,2,2,2,2,2,2,2,2,2,1,2
"cell118",2,2,1,2,2,2,2,1,2,2,1,2,2,2,3,2,2,2,2,3,1,2,2,2,2,2,2,2,2,2,1,2
"cell119",2,2,1,2,2,2,2,1,2,2,1,2,2,2,3,2,2,2,2,3,1,2,2,2,2,2,2,2,2,2,1,2
"cell120",2,2,1,2,2,2,2,1,2,2,1,2,2,2,3,2,2,2,2,3,1,2,2,2,2,2,2,2,2,2,1,2
"cell121",2,2,1,2,2,2,2,1,2,2,1,2,2,2,3,2,2,2,2,3,1,2,2,2,2,2,2,2,2,2,1,2
"cell122",2,2,1,2,2,2,2,1,2,2,1,2,2,2,3,2,2,2,2,3,1,2,2,2,2,2,2,2,2,2,1,2
"cell123",2,2,1,2,2,2,2,1,2,2,1,2,2,2,3,2,2,2,2,3,1,2,2,2,2,2,2,2,2,2,1,2
"cell124",2,2,1,2,2,2,2,1,2,2,1,2,2,2,3,2,2,2,2,3,1,2,2,2,2,2,2,2,2,2,1,2
"cell125",2,2,1,2,2,2,2,1,2,2,1,2,2,2,3,2,2,2,2,3,1,2,2,2,2,2,2,2,2,2,1,2
"cell126",2,2,1,2,2,2,2,1,2,2,1,2,2,2,3,2,2,2,2,3,1,2,2,2,2,2,2,2,2,2,1,2
"cell127",2,2,1,2,2,2,2,1,2,2,1,2,2,2,3,2,2,2,2,3,1,2,2,2,2,2,2,2,2,2,1,2
"cell128",2,2,1,2,2,2,2,1,2,2,1,2,2,2,3,2,2,2,2,3,1,2,2,2,2,2,2,2,2,2,1,2
"cell129",2,2,1,2,2,2,2,1,2,2,1,2,2,2,3,2,2,2,2,3,1,2,2,2,2,2,2,2,2,2,1,2
"cell130",2,2,1,2,2,2,2,1,2,2,1,2,2,2,3,2,2,2,2,3,1,2,2,2,2,2,2,2,2,2,1,2
"cell131",2,2,1,2,2,2,2,1,2,2,1,2,2,2,3,2,2,2,2,3,1,2,2,2,2,2,2,2,2,2,1,2
"cell132",2,2,1,2,2,2,2,1,2,2,1,2,2,2,3,2,2,2,2,3,1,2,2,2,2,2,2,2,2,2,1,2
"cell133",2,2,1,2,2,2,2,1,2,2,1,2,2,2,3,2,2,2,2,3,1,2,2,2,2,2,2,2,2,2,1,2
"cell134",2,2,1,2,2,2,2,1,2,2,1,2,2,2,3,2,2,2,2,3,1,2,2,2,2,2,2,2,2,2,1,2
"cell135",2,2,1,2,2,2,2,1,2,2,1,2,2,2,3,2,2,2,2,3,1,2,2,2,2,2,2,2,2,2,1,2
"cell136",2,2,1,2,2,2,2,1,2,2,1,2,2,2,3,2,2,2,2,3,1,2,2,2,2,2,2,2,2,2,1,2
"cell137",2,2,1,2,2,2,2,1,2,2,1,2,2,2,3,2,2,2,2,3,1,2,2,2,2,2,2,2,2,2,1,2
"cell138",2,2,1,2,2,2,2,1,2,2,1,2,2,2,3,2,2,2,2,3,1,2,2,2,2,2,2,2,2,2,1,2
"cell139",2,2,1,2,2,2,2,1,2,2,1,2,2,2,3,2,2,2,2,3,1,2,2,2,2,2,2,2,2,2,1,2
"cell140",2,2,1,2,2,2,2,1,2,2,1,2,2,2,3,2,2,2,2,3,1,2,2,2,2,2,2,2,2,2,1,2
"cell141",2,2,1,2,2,2,2,1,2,2,1,2,2,2,3,2,2,2,2,3,1,2,2,2,2,2,2,2,2,2,1,2
"cell142",2,2,1,2,2,2,2,1,2,2,1,2,2,2,3,2,2,2,2,3,1,2,2,2,2,2,2,2,2,2,1,2
"cell143",2,2,1,2,2,2,2,1,2,2,1,2,2,2,3,2,2,2,2,3,1,2,2,2,2,2,2,2,2,2,1,2
"cell144",2,2,1,2,2,2,2,1,2,2,1,2,2,2,3,2,2,2,2,3,1,2,2,2,2,2,2,2,2,2,1,2
"cell145",2,2,1,2,2,2,2,1,2,2,1,2,2,2,3,2,2,2,2,3,1,2,2,2,2,2,2,2,2,2,1,2
"cell146",2,2,1,2,2,2,2,1,2,2,1,2,2,2,3,2,2,2,2,3,1,2,2,2,2,2,2,2,2,2,1,2
"cell147",2,2,1,2,2,2,2,1,2,2,1,2,2,2,3,2,2,2,2,3,1,2,2,2,2,2,2,2,2,2,1,2
"cell148",2,2,1,2,2,2,2,1,2,2,1,2,2,2,3,2,2,2,2,3,1,2,2,2,2,2,2,2,2,2,1,2
"cell149",2,2,1,2,2,2,2,1,2,2,1,2,2,2,3,2,2,2,2,3,1,2,2,2,2,2,2,2,2,2,1,2
"cell150",2,2,1,2,2,2,2,1,2,2,1,2,2,2,3,2,2,2,2,3,1,2,2,2,2,2,2,2,2,2,1,2
"cell151",2,2,1,2,2,2,2,1,2,2,1,2,2,2,3,2,2,2,2,3,1,2,2,2,2,2,2,2,2,2,1,2
"cell152",2,2,1,2,2,2,2,1,2,2,1,2,2,2,3,2,2,2,2,3,1,2,2,2,2,2,2,2,2,2,1,2
"cell153",2,2,1,2,2,2,2,1,2,2,1,2,2,2,3,2,2,2,2,3,1,2,2,2,2,2,2,2,2,2,1,2
"cell154",2,2,1,2,2,2,2,1,2,2,1,2,2,2,3,2,2,2,2,3,1,2,2,2,2,2,2,2,2,2,1,2
"cell155",2,2,1,2,2,2,2,1,2,2,1,2,2,2,3,2,2,2,2,3,1,2,2,2,2,2,2,2,2,2,1,2
"cell156",2,2,1,2,2,2,2,1,2,2,1,2,2,2,3,2,2,2,2,3,1,2,2,2,2,2,2,2,2,2,1,2
"cell157",2,2,1,2,2,2,2,1,2,2,1,2,2,2,3,2,2,2,2,3,1,2,2,2,2,2,2,2,2,2,1,2
"cell158",2,2,1,2,2,2,2,1,2,2,1,2,2,2,3,2,2,2,2,3,1,2,2,2,2,2,2,2,2,2,1,2
"cell159",2,2,1,2,2,2,2,1,2,2,1,2,2,2,3,2,2,2,2,3,1,2,2,2,2,2,2,2,2,2,1,2
"cell160",2,2,1,2,2,2,2,1,2,2,1,2,2,2,3,2,2,2,2,3,1,2,2,2,2,2,2,2,2,2,1,2
"cell161",2,2,1,2,2,2,2,1,2,2,1,2,2,2,3,2,2,2,2,3,1,2,2,2,2,2,2,2,2,2,1,2
"cell162",2,2,1,2,2,2,2,1,2,2,1,2,2,2,3,2,2,2,2,3,1,2,2,2,2,2,2,2,2,2,1,2
"cell163",2,2,1,2,2,2,2,1,2,2,1,2,2,2,3,2,2,2,2,3,1,2,2,2,2,2,2,2,2,2,1,2
"cell164",2,2,1,2,2,2,2,1,2,2,1,2,2,2,3,2,2,2,2,3,1,2,2,2,2,2,2,2,2,2,1,2
"cell165",2,2,1,2,2,2,2,1,2,2,1,2,2,2,3,2,2,2,2,3,1,2,2,2,2,2,2,2,2,2,1,2
"cell166",2,2,1,2,2,2,2,1,2,2,1,2,2,2,3,2,2,2,2,3,1,2,2,2,2,2,2,2,2,2,1,2
"cell167",2,2,1,2,2,2,2,1,2,2,1,2,2,2,3,2,2,2,2,3,1,2,2,2,2,2,2,2,2,2,1,2
"cell168",2,2,1,2,2,2,2,1,2,2,1,2,2,2,3,2,2,2,2,3,1,2,2,2,2,2,2,2,2,2,1,2
"cell169",2,2,1,2,2,2,2,1,2,2,1,2,2,2,3,2,2,2,2,3,1,2,2,2,2,2,2,2,2,2,1,2
"cell170",2,2,1,2,2,2,2,1,2,2,1,2,2,2,3,2,2,2,2,3,1,2,2,2,2,2,2,2,2,2,1,2
"cell171",2,2,1,2,2,2,2,1,2,2,1,2,2,2,3,2,2,2,2,3,1,2,2,2,2,2,2,2,2,2,1,2
"cell172",2,2,1,2,2,2,2,1,2,2,1,2,2,2,3,2,2,2,2,3,1,2,2,2,2,2,2,2,2,2,1,2
"cell173",2,2,1,2,2,2,2,1,2,2,1,2,2,2,3,2,2,2,2,3,1,2,2,2,2,2,2,2,2,2,1,2
"cell174",2,2,1,2,2,2,2,1,2,2,1,2,2,2,3,2,2,2,2,3,1,2,2,2,2,2,2,2,2,2,1,2
"cell175",2,2,1,2,2,2,2,1,2,2,1,2,2,2,3,2,2,2,2,3,1,2,2,2,2,2,2,2,2,2,1,2
"cell176",2,2,1,2,2,2,2,1,2,2,1,2,2,2,3,2,2,2,2,3,1,2,2,2,2,2,2,2,2,2,1,2
"cell177",2,2,1,2,2,2,2,1,2,2,1,2,2,2,3,2,2,2,2,3,1,2,2,2,2,2,2,2,2,2,1,2
"cell178",2,2,1,2,2,2,2,1,2,2,1,2,2,2,3,2,2,2,2,3,1,2,2,2,2,2,2,2,2,2,1,2
"cell179",2,2,1,2,2,2,2,1,2,2,1,2,2,2,3,2,2,2,2,3,1,2,2,2,2,2,2,2,2,2,1,2
"cell180",2,2,1,2,2,2,2,1,2,2,1,2,2,2,3,2,2,2,2,3,1,2,2,2,2,2,2,2,2,2,1,2
"cell181",2,2,1,2,2,2,2,1,2,2,1,2,2,2,3,2,2,2,2,3,1,2,2,2,2,2,2,2,2,2,1,2
"cell182",2,2,1,2,2,2,2,1,2,2,1,2,2,2,3,2,2,2,2,3,1,2,2,2,2,2,2,2,2,2,1,2
"cell183",2,2,1,2,2,2,2,1,2,2,1,2,2,2,3,2,2,2,2,3,1,2,2,2,2,2,2,2,2,2,1,2
"cell184",2,2,1,2,2,2,2,1,2,2,1,2,2,2,3,2,2,2,2,3,1,2,2,2,2,2,2,2,2,2,1,2
"cell185",2,2,1,2,2,2,2,1,2,2,1,2,2,2,3,2,2,2,2,3,1,2,2,2,2,2,2,2,2,2,1,2
"cell186",2,2,1,2,2,2,2,1,2,2,1,2,2,2,3,2,2,2,2,3,1,2,2,2,2,2,2,2,2,2,1,2
"cell187",2,2,1,2,2,2,2,1,2,2,1,2,2,2,3,2,2,2,2,3,1,2,2,2,2,2,2,2,2,2,1,2
"cell188",2,2,1,2,2,2,2,1,2,2,1,2,2,2,3,2,2,2,2,3,1,2,2,2,2,2,2,2,2,2,1,2
"cell189",2,2,1,2,2,2,2,1,2,2,1,2,2,2,3,2,2,2,2,3,1,2,2,2,2,2,2,2,2,2,1,2
"cell190",2,2,1,2,2,2,2,1,2,2,1,2,2,2,3,2,2,2,2,3,1,2,2,2,2,2,2,2,2,2,1,2
"cell191",2,2,1,2,2,2,2,1,2,2,1,2,2,2,3,2,2,2,2,3,1,2,2,2,2,2,2,2,2,2,1,2
"cell192",2,2,1,2,2,2,2,1,2,2,1,2,2,2,3,2,2,2,2,3,1,2,2,2,2,2,2,2,2,2,1,2
"cell193",2,2,1,2,2,2,2,1,2,2,1,2,2,2,3,2,2,2,2,3,1,2,2,2,2,2,2,2,2,2,1,2
"cell194",2,2,1,2,2,2,2,1,2,2,1,2,2,2,3,2,2,2,2,3,1,2,2,2,2,2,2,2,2,2,1,2
"cell195",2,2,1,2,2,2,2,1,2,2,1,2,2,2,3,2,2,2,2,3,1,2,2,2,2,2,2,2,2,2,1,2
"cell196",2,2,1,2,2,2,2,1,2,2,1,2,2,2,3,2,2,2,2,3,1,2,2,2,2,2,2,2,2,2,1,2
"cell197",2,2,1,2,2,2,2,1,2,2,1,2,2,2,3,2,2,2,2,3,1,2,2,2,2,2,2,2,2,2,1,2
"cell198",2,2,1,2,2,2,2,1,2,2,1,2,2,2,3,2,2,2,2,3,1,2,2,2,2,2,2,2,2,2,1,2
"cell199",2,2,1,2,2,2,2,1,2,2,1,2,2,2,3,2,2,2,2,3,1,2,2,2,2,2,2,2,2,2,1,2
"cell200",2,2,1,2,2,2,2,1,2,2,1,2,2,2,3,2,2,2,2,3,1,2,2,2,2,2,2,2,2,2,1,2
"cell201",2,2,1,2,2,2,2,1,2,2,1,2,2,2,3,2,2,2,2,3,1,2,2,2,2,2,2,2,2,2,1,2
"cell202",2,2,1,2,2,2,2,1,2,2,1,2,2,2,3,2,2,2,2,3,1,2,2,2,2,2,2,2,2,2,1,2
"cell203",2,2,1,2,2,2,2,1,2,2,1,2,2,2,3,2,2,2,2,3,1,2,2,2,2,2,2,2,2,2,1,2
"cell204",2,2,1,2,2,2,2,1,2,2,1,2,2,2,3,2,2,2,2,3,1,2,2,2,2,2,2,2,2,2,1,2
"cell205",2,2,1,2,2,2,2,1,2,2,1,2,2,2,3,2,2,2,2,3,1,2,2,2,2,2,2,2,2,2,1,2
"cell206",2,2,1,2,2,2,2,1,2,2,1,2,2,2,3,2,2,2,2,3,1,2,2,2,2,2,2,2,2,2,1,2
"cell207",2,2,1,2,2,2,2,1,2,2,1,2,2,2,3,2,2,2,2,3,1,2,2,2,2,2,2,2,2,2,1,2
"cell208",2,2,1,2,2,2,2,1,2,2,1,2,2,2,3,2,2,2,2,3,1,2,2,2,2,2,2,2,2,2,1,2
"cell209",2,2,1,2,2,2,2,1,2,2,1,2,2,2,3,2,2,2,2,3,1,2,2,2,2,2,2,2,2,2,1,2
"cell210",2,2,1,2,2,2,2,1,2,2,1,2,2,2,3,2,2,2,2,3,1,2,2,2,2,2,2,2,2,2,1,2
"cell211",2,2,1,2,2,2,2,1,2,2,1,2,2,2,3,2,2,2,2,3,1,2,2,2,2,2,2,2,2,2,1,2
"cell212",2,2,1,2,2,2,2,1,2,2,1,2,2,2,3,2,2,2,2,3,1,2,2,2,2,2,2,2,2,2,1,2
"cell213",2,2,1,2,2,2,2,1,2,2,1,2,2,2,3,2,2,2,2,3,1,2,2,2,2,2,2,2,2,2,1,2
"cell214",2,2,1,2,2,2,2,1,2,2,1,2,2,2,3,2,2,2,2,3,1,2,2,2,2,2,2,2,2,2,1,2
"cell215",2,2,1,2,2,2,2,1,2,2,1,2,2,2,3,2,2,2,2,3,1,2,2,2,2,2,2,2,2,2,1,2
"cell216",2,2,1,2,2,2,2,1,2,2,1,2,2,2,3,2,2,2,2,3,1,2,2,2,2,2,2,2,2,2,1,2
"cell217",2,2,1,2,2,2,2,1,2,2,1,2,2,2,3,2,2,2,2,3,1,2,2,2,2,2,2,2,2,2,1,2
"cell218",2,2,1,2,2,2,2,1,2,2,1,2,2,2,3,2,2,2,2,3,1,2,2,2,2,2,2,2,2,2,1,2
"cell219",2,2,1,2,2,2,2,1,2,2,1,2,2,2,3,2,2,2,2,3,1,2,2,2,2,2,2,2,2,2,1,2
"cell220",2,2,1,2,2,2,2,1,2,2,1,2,2,2,3,2,2,2,2,3,1,2,2,2,2,2,2,2,2,2,1,2
"cell221",2,2,1,2,2,2,2,1,2,2,1,2,2,2,3,2,2,2,2,3,1,2,2,2,2,2,2,2,2,2,1,2
"cell222",2,2,1,2,2,2,2,1,2,2,1,2,2,2,3,2,2,2,2,3,1,2,2,2,2,2,2,2,2,2,1,2
"cell223",2,2,1,2,2,2,2,1,2,2,1,2,2,2,3,2,2,2,2,3,1,2,2,2,2,2,2,2,2,2,1,2
"cell224",2,2,1,2,2,2,2,1,2,2,1,2,2,2,3,2,2,2,2,3,1,2,2,2,2,2,2,2,2,2,1,2
"cell225",2,2,1,2,2,2,2,1,2,2,1,2,2,2,3,2,2,2,2,3,1,2,2,2,2,2,2,2,2,2,1,2
"cell226",2,2,1,2,2,2,2,1,2,2,1,2,2,2,3,2,2,2,2,3,1,2,2,2,2,2,2,2,2,2,1,2
"cell227",2,2,1,2,2,2,2,1,2,2,1,2,2,2,3,2,2,2,2,3,1,2,2,2,2,2,2,2,2,2,1,2
"cell228",2,2,1,2,2,2,2,1,2,2,1,2,2,2,3,2,2,2,2,3,1,2,2,2,2,2,2,2,2,2,1,2
"cell229",2,2,1,2,2,2,2,1,2,2,1,2,2,2,3,2,2,2,2,3,1,2,2,2,2,2,2,2,2,2,1,2
"cell230",2,2,1,2,2,2,2,1,2,2,1,2,2,2,3,2,2,2,2,3,1,2,2,2,2,2,2,2,2,2,1,2
"cell231",2,2,1,2,2,2,2,1,2,2,1,2,2,2,3,2,2,2,2,3,1,2,2,2,2,2,2,2,2,2,1,2
"cell232",2,2,1,2,2,2,2,1,2,2,1,2,2,2,3,2,2,2,2,3,1,2,2,2,2,2,2,2,2,2,1,2
"cell233",2,2,1,2,2,2,2,1,2,2,1,2,2,2,3,2,2,2,2,3,1,2,2,2,2,2,2,2,2,2,1,2
"cell234",2,2,1,2,2,2,2,1,2,2,1,2,2,2,3,2,2,2,2,3,1,2,2,2,2,2,2,2,2,2,1,2
"cell235",2,2,1,2,2,2,2,1,2,2,1,2,2,2,3,2,2,2,2,3,1,2,2,2,2,2,2,2,2,2,1,2
"cell236",2,2,1,2,2,2,2,1,2,2,1,2,2,2,3,2,2,2,2,3,1,2,2,2,2,2,2,2,2,2,1,2
"cell237",2,2,1,2,2,2,2,1,2,2,1,2,2,2,3,2,2,2,2,3,1,2,2,2,2,2,2,2,2,2,1,2
"cell238",2,2,1,2,2,2,2,1,2,2,1,2,2,2,3,2,2,2,2,3,1,2,2,2,2,2,2,2,2,2,1,2
"cell239",2,2,1,2,2,2,2,1,2,2,1,2,2,2,3,2,2,2,2,3,1,2,2,2,2,2,2,2,2,2,1,2
"cell240",2,2,1,2,2,2,2,1,2,2,1,2,2,2,3,2,2,2,2,3,1,2,2,2,2,2,2,2,2,2,1,2
"cell241",2,2,1,2,2,2,2,1,2,2,1,2,2,2,3,2,2,2,2,3,1,2,2,2,2,2,2,2,2,2,1,2
"cell242",2,2,1,2,2,2,2,1,2,2,1,2,2,2,3,2,2,2,2,3,1,2,2,2,2,2,2,2,2,2,1,2
"cell243",2,2,1,2,2,2,2,1,2,2,1,2,2,2,3,2,2,2,2,3,1,2,2,2,2,2,2,2,2,2,1,2
"cell244",2,2,1,2,2,2,2,1,2,2,1,2,2,2,3,2,2,2,2,3,1,2,2,2,2,2,2,2,2,2,1,2
"cell245",2,2,1,2,2,2,2,1,2,2,1,2,2,2,3,2,2,2,2,3,1,2,2,2,2,2,2,2,2,2,1,2
"cell246",2,2,1,2,2,2,2,1,2,2,1,2,2,2,3,2,2,2,2,3,1,2,2,2,2,2,2,2,2,2,1,2
"cell247",2,2,1,2,2,2,2,1,2,2,1,2,2,2,3,2,2,2,2,3,1,2,2,2,2,2,2,2,2,2,1,2
"cell248",2,2,1,2,2,2,2,1,2,2,1,2,2,2,3,2,2,2,2,3,1,2,2,2,2,2,2,2,2,2,1,2
"cell249",2,2,1,2,2,2,2,1,2,2,1,2,2,2,3,2,2,2,2,3,1,2,2,2,2,2,2,2,2,2,1,2
"cell250",2,2,1,2,2,2,2,1,2,2,1,2,2,2,3,2,2,2,2,3,1,2,2,2,2,2,2,2,2,2,1,2
"cell251",2,2,1,2,2,2,2,1,2,2,1,2,2,2,3,2,2,2,2,3,1,2,2,2,2,2,2,2,2,2,1,2
"cell252",2,2,1,2,2,2,2,1,2,2,1,2,2,2,3,2,2,2,2,3,1,2,2,2,2,2,2,2,2,2,1,2
"cell253",2,2,1,2,2,2,2,1,2,2,1,2,2,2,3,2,2,2,2,3,1,2,2,2,2,2,2,2,2,2,1,2
"cell254",2,2,1,2,2,2,2,1,2,2,1,2,2,2,3,2,2,2,2,3,1,2,2,2,2,2,2,2,2,2,1,2
"cell255",2,2,1,2,2,2,2,1,2,2,1,2,2,2,3,2,2,2,2,3,1,2,2,2,2,2,2,2,2,2,1,2
"cell256",2,2,1,2,2,2,2,1,2,2,1,2,2,2,3,2,2,2,2,3,1,2,2,2,2,2,2,2,2,2,1,2
"cell257",2,2,1,2,2,2,2,1,2,2,1,2,2,2,3,2,2,2,2,3,1,2,2,2,2,2,2,2,2,2,1,2
"cell258",2,2,1,2,2,2,2,1,2,2,1,2,2,2,3,2,2,2,2,3,1,2,2,2,2,2,2,2,2,2,1,2
"cell259",2,2,1,2,2,2,2,1,2,2,1,2,2,2,3,2,2,2,2,3,1,2,2,2,2,2,2,2,2,2,1,2
"cell260",2,2,1,2,2,2,2,1,2,2,1,2,2,2,3,2,2,2,2,3,1,2,2,2,2,2,2,2,2,2,1,2
"cell261",2,2,1,2,2,2,2,1,2,2,1,2,2,2,3,2,2,2,2,3,1,2,2,2,2,2,2,2,2,2,1,2
"cell262",2,2,1,2,2,2,2,1,2,2,1,2,2,2,3,2,2,2,2,3,1,2,2,2,2,2,2,2,2,2,1,2
"cell263",2,2,1,2,2,2,2,1,2,2,1,2,2,2,3,2,2,2,2,3,1,2,2,2,2,2,2,2,2,2,1,2
"cell264",2,2,1,2,2,2,2,1,2,2,1,2,2,2,3,2,2,2,2,3,1,2,2,2,2,2,2,2,2,2,1,2
"cell265",2,2,1,2,2,2,2,1,2,2,1,2,2,2,3,2,2,2,2,3,1,2,2,2,2,2,2,2,2,2,1,2
"cell266",2,2,1,2,2,2,2,1,2,2,1,2,2,2,3,2,2,2,2,3,1,2,2,2,2,2,2,2,2,2,1,2
"cell267",2,2,1,2,2,2,2,1,2,2,1,2,2,2,3,2,2,2,2,3,1,2,2,2,2,2,2,2,2,2,1,2
"cell268",2,2,1,2,2,2,2,1,2,2,1,2,2,2,3,2,2,2,2,3,1,2,2,2,2,2,2,2,2,2,1,2
"cell269",2,2,1,2,2,2,2,1,2,2,1,2,2,2,3,2,2,2,2,3,1,2,2,2,2,2,2,2,2,2,1,2
"cell270",2,2,1,2,2,2,2,1,2,2,1,2,2,2,3,2,2,2,2,3,1,2,2,2,2,2,2,2,2,2,1,2
"cell271",2,2,1,2,2,2,2,1,2,2,1,2,2,2,3,2,2,2,2,3,1,2,2,2,2,2,2,2,2,2,1,2
"cell272",2,2,1,2,2,2,2,1,2,2,1,2,2,2,3,2,2,2,2,3,1,2,2,2,2,2,2,2,2,2,1,2
"cell273",2,2,1,2,2,2,2,1,2,2,1,2,2,2,3,2,2,2,2,3,1,2,2,2,2,2,2,2,2,2,1,2
"cell274",2,2,1,2,2,2,2,1,2,2,1,2,2,2,3,2,2,2,2,3,1,2,2,2,2,2,2,2,2,2,1,2
"cell275",2,2,1,2,2,2,2,1,2,2,1,2,2,2,3,2,2,2,2,3,1,2,2,2,2,2,2,2,2,2,1,2
"cell276",2,2,1,2,2,2,2,1,2,2,1,2,2,2,3,2,2,2,2,3,1,2,2,2,2,2,2,2,2,2,1,2
"cell277",2,2,1,2,2,2,2,1,2,2,1,2,2,2,3,2,2,2,2,3,1,2,2,2,2,2,2,2,2,2,1,2
"cell278",2,2,1,2,2,2,2,1,2,2,1,2,2,2,3,2,2,2,2,3,1,2,2,2,2,2,2,2,2,2,1,2
"cell279",2,2,1,2,2,2,2,1,2,2,1,2,2,2,3,2,2,2,2,3,1,2,2,2,2,2,2,2,2,2,1,2
"cell280",2,2,1,2,2,2,2,1,2,2,1,2,2,2,3,2,2,2,2,3,1,2,2,2,2,2,2,2,2,2,1,2
"cell281",2,2,1,2,2,2,2,1,2,2,1,2,2,2,3,2,2,2,2,3,1,2,2,2,2,2,2,2,2,2,1,2
"cell282",2,2,1,2,2,2,2,1,2,2,1,2,2,2,3,2,2,2,2,3,1,2,2,2,2,2,2,2,2,2,1,2
"cell283",2,2,1,2,2,2,2,1,2,2,1,2,2,2,3,2,2,2,2,3,1,2,2,2,2,2,2,2,2,2,1,2
"cell284",2,2,1,2,2,2,2,1,2,2,1,2,2,2,3,2,2,2,2,3,1,2,2,2,2,2,2,2,2,2,1,2
"cell285",2,2,1,2,2,2,2,1,2,2,1,2,2,2,3,2,2,2,2,3,1,2,2,2,2,2,2,2,2,2,1,2
"cell286",2,2,1,2,2,2,2,1,2,2,1,2,2,2,3,2,2,2,2,3,1,2,2,2,2,2,2,2,2,2,1,2
"cell287",2,2,1,2,2,2,2,1,2,2,1,2,2,2,3,2,2,2,2,3,1,2,2,2,2,2,2,2,2,2,1,2
"cell288",2,2,1,2,2,2,2,1,2,2,1,2,2,2,3,2,2,2,2,3,1,2,2,2,2,2,2,2,2,2,1,2
"cell289",2,2,1,2,2,2,2,1,2,2,1,2,2,2,3,2,2,2,2,3,1,2,2,2,2,2,2,2,2,2,1,2
"cell290",2,2,1,2,2,2,2,1,2,2,1,2,2,2,3,2,2,2,2,3,1,2,2,2,2,2,2,2,2,2,1,2
"cell291",2,2,1,2,2,2,2,1,2,2,1,2,2,2,3,2,2,2,2,3,1,2,2,2,2,2,2,2,2,2,1,2
"cell292",2,2,1,2,2,2,2,1,2,2,1,2,2,2,3,2,2,2,2,3,1,2,2,2,2,2,2,2,2,2,1,2
"cell293",2,2,1,2,2,2,2,1,2,2,1,2,2,2,3,2,2,2,2,3,1,2,2,2,2,2,2,2,2,2,1,2
"cell294",2,2,1,2,2,2,2,1,2,2,1,2,2,2,3,2,2,2,2,3,1,2,2,2,2,2,2,2,2,2,1,2
"cell295",2,2,1,2,2,2,2,1,2,2,1,2,2,2,3,2,2,2,2,3,1,2,2,2,2,2,2,2,2,2,1,2
"cell296",2,2,1,2,2,2,2,1,2,2,1,2,2,2,3,2,2,2,2,3,1,2,2,2,2,2,2,2,2,2,1,2
"cell297",2,2,1,2,2,2,2,1,2,2,1,2,2,2,3,2,2,2,2,3,1,2,2,2,2,2,2,2,2,2,1,2
"cell298",2,2,1,2,2,2,2,1,2,2,1,2,2,2,3,2,2,2,2,3,1,2,2,2,2,2,2,2,2,2,1,2
"cell299",2,2,1,2,2,2,2,1,2,2,1,2,2,2,3,2,2,2,2,3,1,2,2,2,2,2,2,2,2,2,1,2
"cell300",2,2,1,2,2,2,2,1,2,2,1,2,2,2,3,2,2,2,2,3,1,2,2,2,2,2,2,2,2,2,1,2
"cell301",2,2,1,2,2,2,2,1,2,2,1,2,2,2,3,2,2,2,2,3,1,2,2,2,2,2,2,2,2,2,1,2
"cell302",2,2,1,2,2,2,2,1,2,2,1,2,2,2,3,2,2,2,2,3,1,2,2,2,2,2,2,2,2,2,1,2
"cell303",2,2,1,2,2,2,2,1,2,2,1,2,2,2,3,2,2,2,2,3,1,2,2,2,2,2,2,2,2,2,1,2
"cell304",2,2,1,2,2,2,2,1,2,2,1,2,2,2,3,2,2,2,2,3,1,2,2,2,2,2,2,2,2,2,1,2
"cell305",2,2,1,2,2,2,2,1,2,2,1,2,2,2,3,2,2,2,2,3,1,2,2,2,2,2,2,2,2,2,1,2
"cell306",2,2,1,2,2,2,2,1,2,2,1,2,2,2,3,2,2,2,2,3,1,2,2,2,2,2,2,2,2,2,1,2
"cell307",2,2,1,2,2,2,2,1,2,2,1,2,2,2,3,2,2,2,2,3,1,2,2,2,2,2,2,2,2,2,1,2
"cell308",2,2,1,2,2,2,2,1,2,2,1,2,2,2,3,2,2,2,2,3,1,2,2,2,2,2,2,2,2,2,1,2
"cell309",2,2,1,2,2,2,2,1,2,2,1,2,2,2,3,2,2,2,2,3,1,2,2,2,2,2,2,2,2,2,1,2
"cell310",2,2,1,2,2,2,2,1,2,2,1,2,2,2,3,2,2,2,2,3,1,2,2,2,2,2,2,2,2,2,1,2
"cell311",2,2,1,2,2,2,2,1,2,2,1,2,2,2,3,2,2,2,2,3,1,2,2,2,2,2,2,2,2,2,1,2
"cell312",2,2,1,2,2,2,2,1,2,2,1,2,2,2,3,2,2,2,2,3,1,2,2,2,2,2,2,2,2,2,1,2
"cell313",2,2,1,2,2,2,2,1,2,2,1,2,2,2,3,2,2,2,2,3,1,2,2,2,2,2,2,2,2,2,1,2
"cell314",2,2,1,2,2,2,2,1,2,2,1,2,2,2,3,2,2,2,2,3,1,2,2,2,2,2,2,2,2,2,1,2
"cell315",2,2,1,2,2,2,2,1,2,2,1,2,2,2,3,2,2,2,2,3,1,2,2,2,2,2,2,2,2,2,1,2
"cell316",2,2,1,2,2,2,2,1,2,2,1,2,2,2,3,2,2,2,2,3,1,2,2,2,2,2,2,2,2,2,1,2
"cell317",2,2,1,2,2,2,2,1,2,2,1,2,2,2,3,2,2,2,2,3,1,2,2,2,2,2,2,2,2,2,1,2
"cell318",2,2,1,2,2,2,2,1,2,2,1,2,2,2,3,2,2,2,2,3,1,2,2,2,2,2,2,2,2,2,1,2
"cell319",2,2,1,2,2,2,2,1,2,2,1,2,2,2,3,2,2,2,2,3,1,2,2,2,2,2,2,2,2,2,1,2
"cell320",2,2,1,2,2,2,2,1,2,2,1,2,2,2,3,2,2,2,2,3,1,2,2,2,2,2,2,2,2,2,1,2
"cell321",2,2,1,2,2,2,2,1,2,2,1,2,2,2,3,2,2,2,2,3,1,2,2,2,2,2,2,2,2,2,1,2
"cell322",2,2,1,2,2,2,2,1,2,2,1,2,2,2,3,2,2,2,2,3,1,2,2,2,2,2,2,2,2,2,1,2
"cell323",2,2,1,2,2,2,2,1,2,2,1,2,2,2,3,2,2,2,2,3,1,2,2,2,2,2,2,2,2,2,1,2
"cell324",2,2,1,2,2,2,2,1,2,2,1,2,2,2,3,2,2,2,2,3,1,2,2,2,2,2,2,2,2,2,1,2
"cell325",2,2,1,2,2,2,2,1,2,2,1,2,2,2,3,2,2,2,2,3,1,2,2,2,2,2,2,2,2,2,1,2
"cell326",2,2,1,2,2,2,2,1,2,2,1,2,2,2,3,2,2,2,2,3,1,2,2,2,2,2,2,2,2,2,1,2
"cell327",2,2,1,2,2,2,2,1,2,2,1,2,2,2,3,2,2,2,2,3,1,2,2,2,2,2,2,2,2,2,1,2
"cell328",2,2,1,2,2,2,2,1,2,2,1,2,2,2,3,2,2,2,2,3,1,2,2,2,2,2,2,2,2,2,1,2
"cell329",2,2,1,2,2,2,2,1,2,2,1,2,2,2,3,2,2,2,2,3,1,2,2,2,2,2,2,2,2,2,1,2
"cell330",2,2,1,2,2,2,2,1,2,2,1,2,2,2,3,2,2,2,2,3,1,2,2,2,2,2,2,2,2,2,1,2
"cell331",2,2,1,2,2,2,2,1,2,2,1,2,2,2,3,2,2,2,2,3,1,2,2,2,2,2,2,2,2,2,1,2
"cell332",2,2,1,2,2,2,2,1,2,2,1,2,2,2,3,2,2,2,2,3,1,2,2,2,2,2,2,2,2,2,1,2
"cell333",2,2,1,2,2,2,2,1,2,2,1,2,2,2,3,2,2,2,2,3,1,2,2,2,2,2,2,2,2,2,1,2
"cell334",2,2,1,2,2,2,2,1,2,2,1,2,2,2,3,2,2,2,2,3,1,2,2,2,2,2,2,2,2,2,1,2
"cell335",2,2,1,2,2,2,2,1,2,2,1,2,2,2,3,2,2,2,2,3,1,2,2,2,2,2,2,2,2,2,1,2
"cell336",2,2,1,2,2,2,2,1,2,2,1,2,2,2,3,2,2,2,2,3,1,2,2,2,2,2,2,2,2,2,1,2
"cell337",2,2,1,2,2,2,2,1,2,2,1,2,2,2,3,2,2,2,2,3,1,2,2,2,2,2,2,2,2,2,1,2
"cell338",2,2,1,2,2,2,2,1,2,2,1,2,2,2,3,2,2,2,2,3,1,2,2,2,2,2,2,2,2,2,1,2
"cell339",2,2,1,2,2,2,2,1,2,2,1,2,2,2,3,2,2,2,2,3,1,2,2,2,2,2,2,2,2,2,1,2
"cell340",2,2,1,2,2,2,2,1,2,2,1,2,2,2,3,2,2,2,2,3,1,2,2,2,2,2,2,2,2,2,1,2
"cell341",2,2,1,2,2,2,2,1,2,2,1,2,2,2,3,2,2,2,2,3,1,2,2,2,2,2,2,2,2,2,1,2
"cell342",2,2,1,2,2,2,2,1,2,2,1,2,2,2,3,2,2,2,2,3,1,2,2,2,2,2,2,2,2,2,1,2
"cell343",2,2,1,2,2,2,2,1,2,2,1,2,2,2,3,2,2,2,2,3,1,2,2,2,2,2,2,2,2,2,1,2
"cell344",2,2,1,2,2,2,2,1,2,2,1,2,2,2,3,2,2,2,2,3,1,2,2,2,2,2,2,2,2,2,1,2
"cell345",2,2,1,2,2,2,2,1,2,2,1,2,2,2,3,2,2,2,2,3,1,2,2,2,2,2,2,2,2,2,1,2
"cell346",2,2,1,2,2,2,2,1,2,2,1,2,2,2,3,2,2,2,2,3,1,2,2,2,2,2,2,2,2,2,1,2
"cell347",2,2,1,2,2,2,2,1,2,2,1,2,2,2,3,2,2,2,2,3,1,2,2,2,2,2,2,2,2,2,1,2
"cell348",2,2,1,2,2,2,2,1,2,2,1,2,2,2,3,2,2,2,2,3,1,2,2,2,2,2,2,2,2,2,1,2
"cell349",2,2,1,2,2,2,2,1,2,2,1,2,2,2,3,2,2,2,2,3,1,2,2,2,2,2,2,2,2,2,1,2
"cell350",2,2,1,2,2,2,2,1,2,2,1,2,2,2,3,2,2,2,2,3,1,2,2,2,2,2,2,2,2,2,1,2
"cell351",2,2,1,2,2,2,2,1,2,2,1,2,2,2,3,2,2,2,2,3,1,2,2,2,2,2,2,2,2,2,1,2
"cell352",2,2,1,2,2,2,2,1,2,2,1,2,2,2,3,2,2,2,2,3,1,2,2,2,2,2,2,2,2,2,1,2
"cell353",2,2,1,2,2,2,2,1,2,2,1,2,2,2,3,2,2,2,2,3,1,2,2,2,2,2,2,2,2,2,1,2
"cell354",2,2,1,2,2,2,2,1,2,2,1,2,2,2,3,2,2,2,2,3,1,2,2,2,2,2,2,2,2,2,1,2
"cell355",2,2,1,2,2,2,2,1,2,2,1,2,2,2,3,2,2,2,2,3,1,2,2,2,2,2,2,2,2,2,1,2
"cell356",2,2,1,2,2,2,2,1,2,2,1,2,2,2,3,2,2,2,2,3,1,2,2,2,2,2,2,2,2,2,1,2
"cell357",2,2,1,2,2,2,2,1,2,2,1,2,2,2,3,2,2,2,2,3,1,2,2,2,2,2,2,2,2,2,1,2
"cell358",2,2,1,2,2,2,2,1,2,2,1,2,2,2,3,2,2,2,2,3,1,2,2,2,2,2,2,2,2,2,1,2
"cell359",2,2,1,2,2,2,2,1,2,2,1,2,2,2,3,2,2,2,2,3,1,2,2,2,2,2,2,2,2,2,1,2
"cell360",2,2,1,2,2,2,2,1,2,2,1,2,2,2,3,2,2,2,2,3,1,2,2,2,2,2,2,2,2,2,1,2
"cell361",2,2,1,2,2,2,2,1,2,2,1,2,2,2,3,2,2,2,2,3,1,2,2,2,2,2,2,2,2,2,1,2
"cell362",2,2,1,2,2,2,2,1,2,2,1,2,2,2,3,2,2,2,2,3,1,2,2,2,2,2,2,2,2,2,1,2
"cell363",2,2,1,2,2,2,2,1,2,2,1,2,2,2,3,2,2,2,2,3,1,2,2,2,2,2,2,2,2,2,1,2
"cell364",2,2,1,2,2,2,2,1,2,2,1,2,2,2,3,2,2,2,2,3,1,2,2,2,2,2,2,2,2,2,1,2
"cell365",2,2,1,2,2,2,2,1,2,2,1,2,2,2,3,2,2,2,2,3,1,2,2,2,2,2,2,2,2,2,1,2
"cell366",2,2,1,2,2,2,2,1,2,2,1,2,2,2,3,2,2,2,2,3,1,2,2,2,2,2,2,2,2,2,1,2
"cell367",2,2,1,2,2,2,2,1,2,2,1,2,2,2,3,2,2,2,2,3,1,2,2,2,2,2,2,2,2,2,1,2
"cell368",2,2,1,2,2,2,2,1,2,2,1,2,2,2,3,2,2,2,2,3,1,2,2,2,2,2,2,2,2,2,1,2
"cell369",2,2,1,2,2,2,2,1,2,2,1,2,2,2,3,2,2,2,2,3,1,2,2,2,2,2,2,2,2,2,1,2
"cell370",2,2,1,2,2,2,2,1,2,2,1,2,2,2,3,2,2,2,2,3,1,2,2,2,2,2,2,2,2,2,1,2
"cell371",2,2,1,2,2,2,2,1,2,2,1,2,2,2,3,2,2,2,2,3,1,2,2,2,2,2,2,2,2,2,1,2
"cell372",2,2,1,2,2,2,2,1,2,2,1,2,2,2,3,2,2,2,2,3,1,2,2,2,2,2,2,2,2,2,1,2
"cell373",2,2,1,2,2,2,2,1,2,2,1,2,2,2,3,2,2,2,2,3,1,2,2,2,2,2,2,2,2,2,1,2
"cell374",2,2,1,2,2,2,2,1,2,2,1,2,2,2,3,2,2,2,2,3,1,2,2,2,2,2,2,2,2,2,1,2
"cell375",2,2,1,2,2,2,2,1,2,2,1,2,2,2,3,2,2,2,2,3,1,2,2,2,2,2,2,2,2,2,1,2
"cell376",2,2,1,2,2,2,2,1,2,2,1,2,2,2,3,2,2,2,2,3,1,2,2,2,2,2,2,2,2,2,1,2
"cell377",2,2,1,2,2,2,2,1,2,2,1,2,2,2,3,2,2,2,2,3,1,2,2,2,2,2,2,2,2,2,1,2
"cell378",2,2,1,2,2,2,2,1,2,2,1,2,2,2,3,2,2,2,2,3,1,2,2,2,2,2,2,2,2,2,1,2
"cell379",2,2,1,2,2,2,2,1,2,2,1,2,2,2,3,2,2,2,2,3,1,2,2,2,2,2,2,2,2,2,1,2
"cell380",2,2,1,2,2,2,2,1,2,2,1,2,2,2,3,2,2,2,2,3,1,2,2,2,2,2,2,2,2,2,1,2
"cell381",2,2,1,2,2,2,2,1,2,2,1,2,2,2,3,2,2,2,2,3,1,2,2,2,2,2,2,2,2,2,1,2
"cell382",2,2,1,2,2,2,2,1,2,2,1,2,2,2,3,2,2,2,2,3,1,2,2,2,2,2,2,2,2,2,1,2
"cell383",2,2,1,2,2,2,2,1,2,2,1,2,2,2,3,2,2,2,2,3,1,2,2,2,2,2,2,2,2,2,1,2
"cell384",2,2,1,2,2,2,2,1,2,2,1,2,2,2,3,2,2,2,2,3,1,2,2,2,2,2,2,2,2,2,1,2
"cell385",2,2,1,2,2,2,2,1,2,2,1,2,2,2,3,2,2,2,2,3,1,2,2,2,2,2,2,2,2,2,1,2
"cell386",2,2,1,2,2,2,2,1,2,2,1,2,2,2,3,2,2,2,2,3,1,2,2,2,2,2,2,2,2,2,1,2
"cell387",2,2,1,2,2,2,2,1,2,2,1,2,2,2,3,2,2,2,2,3,1,2,2,2,2,2,2,2,2,2,1,2
"cell388",2,2,1,2,2,2,2,1,2,2,1,2,2,2,3,2,2,2,2,3,1,2,2,2,2,2,2,2,2,2,1,2
"cell389",2,2,1,2,2,2,2,1,2,2,1,2,2,2,3,2,2,2,2,3,1,2,2,2,2,2,2,2,2,2,1,2
"cell390",2,2,1,2,2,2,2,1,2,2,1,2,2,2,3,2,2,2,2,3,1,2,2,2,2,2,2,2,2,2,1,2
"cell391",2,2,1,2,2,2,2,1,2,2,1,2,2,2,3,2,2,2,2,3,1,2,2,2,2,2,2,2,2,2,1,2
"cell392",2,2,1,2,2,2,2,1,2,2,1,2,2,2,3,2,2,2,2,3,1,2,2,2,2,2,2,2,2,2,1,2
"cell393",2,2,1,2,2,2,2,1,2,2,1,2,2,2,3,2,2,2,2,3,1,2,2,2,2,2,2,2,2,2,1,2
"cell394",2,2,1,2,2,2,2,1,2,2,1,2,2,2,3,2,2,2,2,3,1,2,2,2,2,2,2,2,2,2,1,2
"cell395",2,2,1,2,2,2,2,1,2,2,1,2,2,2,3,2,2,2,2,3,1,2,2,2,2,2,2,2,2,2,1,2
"cell396",2,2,1,2,2,2,2,1,2,2,1,2,2,2,3,2,2,2,2,3,1,2,2,2,2,2,2,2,2,2,1,2
"cell397",2,2,1,2,2,2,2,1,2,2,1,2,2,2,3,2,2,2,2,3,1,2,2,2,2,2,2,2,2,2,1,2
"cell398",2,2,1,2,2,2,2,1,2,2,1,2,2,2,3,2,2,2,2,3,1,2,2,2,2,2,2,2,2,2,1,2
"cell399",2,2,1,2,2,2,2,1,2,2,1,2,2,2,3,2,2,2,2,3,1,2,2,2,2,2,2,2,2,2,1,2
"cell400",2,2,1,2,2,2,2,1,2,2,1,2,2,2,3,2,2,2,2,3,1,2,2,2,2,2,2,2,2,2,1,2
"cell401",2,2,1,2,2,2,2,1,2,2,1,2,2,2,3,2,2,2,2,3,1,2,2,2,2,2,2,2,2,2,1,2
"cell402",2,2,1,2,2,2,2,1,2,2,1,2,2,2,3,2,2,2,2,3,1,2,2,2,2,2,2,2,2,2,1,2
"cell403",2,2,1,2,2,2,2,1,2,2,1,2,2,2,3,2,2,2,2,3,1,2,2,2,2,2,2,2,2,2,1,2
"cell404",2,2,1,2,2,2,2,1,2,2,1,2,2,2,3,2,2,2,2,3,1,2,2,2,2,2,2,2,2,2,1,2
"cell405",2,2,1,2,2,2,2,1,2,2,1,2,2,2,3,2,2,2,2,3,1,2,2,2,2,2,2,2,2,2,1,2
"cell406",2,2,1,2,2,2,2,1,2,2,1,2,2,2,3,2,2,2,2,3,1,2,2,2,2,2,2,2,2,2,1,2
"cell407",2,2,1,2,2,2,2,1,2,2,1,2,2,2,3,2,2,2,2,3,1,2,2,2,2,2,2,2,2,2,1,2
"cell408",2,2,1,2,2,2,2,1,2,2,1,2,2,2,3,2,2,2,2,3,1,2,2,2,2,2,2,2,2,2,1,2
"cell409",2,2,1,2,2,2,2,1,2,2,1,2,2,2,3,2,2,2,2,3,1,2,2,2,2,2,2,2,2,2,1,2
"cell410",2,2,1,2,2,2,2,1,2,2,1,2,2,2,3,2,2,2,2,3,1,2,2,2,2,2,2,2,2,2,1,2
"cell411",2,2,1,2,2,2,2,1,2,2,1,2,2,2,3,2,2,2,2,3,1,2,2,2,2,2,2,2,2,2,1,2
"cell412",2,2,1,2,2,2,2,1,2,2,1,2,2,2,3,2,2,2,2,3,1,2,2,2,2,2,2,2,2,2,1,2
"cell413",2,2,1,2,2,2,2,1,2,2,1,2,2,2,3,2,2,2,2,3,1,2,2,2,2,2,2,2,2,2,1,2
"cell414",2,2,1,2,2,2,2,1,2,2,1,2,2,2,3,2,2,2,2,3,1,2,2,2,2,2,2,2,2,2,1,2
"cell415",2,2,1,2,2,2,2,1,2,2,1,2,2,2,3,2,2,2,2,3,1,2,2,2,2,2,2,2,2,2,1,2
"cell416",2,2,1,2,2,2,2,1,2,2,1,2,2,2,3,2,2,2,2,3,1,2,2,2,2,2,2,2,2,2,1,2
"cell417",2,2,1,2,2,2,2,1,2,2,1,2,2,2,3,2,2,2,2,3,1,2,2,2,2,2,2,2,2,2,1,2
"cell418",2,2,1,2,2,2,2,1,2,2,1,2,2,2,3,2,2,2,2,3,1,2,2,2,2,2,2,2,2,2,1,2
"cell419",2,2,1,2,2,2,2,1,2,2,1,2,2,2,3,2,2,2,2,3,1,2,2,2,2,2,2,2,2,2,1,2
"cell420",2,2,1,2,2,2,2,1,2,2,1,2,2,2,3,2,2,2,2,3,1,2,2,2,2,2,2,2,2,2,1,2
"cell421",2,2,1,2,2,2,2,1,2,2,1,2,2,2,3,2,2,2,2,3,1,2,2,2,2,2,2,2,2,2,1,2
"cell422",2,2,1,2,2,2,2,1,2,2,1,2,2,2,3,2,2,2,2,3,1,2,2,2,2,2,2,2,2,2,1,2
"cell423",2,2,1,2,2,2,2,1,2,2,1,2,2,2,3,2,2,2,2,3,1,2,2,2,2,2,2,2,2,2,1,2
"cell424",2,2,1,2,2,2,2,1,2,2,1,2,2,2,3,2,2,2,2,3,1,2,2,2,2,2,2,2,2,2,1,2
"cell425",2,2,1,2,2,2,2,1,2,2,1,2,2,2,3,2,2,2,2,3,1,2,2,2,2,2,2,2,2,2,1,2
"cell426",2,2,1,2,2,2,2,1,2,2,1,2,2,2,3,2,2,2,2,3,1,2,2,2,2,2,2,2,2,2,1,2
"cell427",2,2,1,2,2,2,2,1,2,2,1,2,2,2,3,2,2,2,2,3,1,2,2,2,2,2,2,2,2,2,1,2
"cell428",2,2,1,2,2,2,2,1,2,2,1,2,2,2,3,2,2,2,2,3,1,2,2,2,2,2,2,2,2,2,1,2
"cell429",2,2,1,2,2,2,2,1,2,2,1,2,2,2,3,2,2,2,2,3,1,2,2,2,2,2,2,2,2,2,1,2
"cell430",2,2,1,2,2,2,2,1,2,2,1,2,2,2,3,2,2,2,2,3,1,2,2,2,2,2,2,2,2,2,1,2
"cell431",2,2,1,2,2,2,2,1,2,2,1,2,2,2,3,2,2,2,2,3,1,2,2,2,2,2,2,2,2,2,1,2
"cell432",2,2,1,2,2,2,2,1,2,2,1,2,2,2,3,2,2,2,2,3,1,2,2,2,2,2,2,2,2,2,1,2
"cell433",2,2,1,2,2,2,2,1,2,2,1,2,2,2,3,2,2,2,2,3,1,2,2,2,2,2,2,2,2,2,1,2
"cell434",2,2,1,2,2,2,2,1,2,2,1,2,2,2,3,2,2,2,2,3,1,2,2,2,2,2,2,2,2,2,1,2
"cell435",2,2,1,2,2,2,2,1,2,2,1,2,2,2,3,2,2,2,2,3,1,2,2,2,2,2,2,2,2,2,1,2
"cell436",2,2,1,2,2,2,2,1,2,2,1,2,2,2,3,2,2,2,2,3,1,2,2,2,2,2,2,2,2,2,1,2
"cell437",2,2,1,2,2,2,2,1,2,2,1,2,2,2,3,2,2,2,2,3,1,2,2,2,2,2,2,2,2,2,1,2
"cell438",2,2,1,2,2,2,2,1,2,2,1,2,2,2,3,2,2,2,2,3,1,2,2,2,2,2,2,2,2,2,1,2
"cell439",2,2,1,2,2,2,2,1,2,2,1,2,2,2,3,2,2,2,2,3,1,2,2,2,2,2,2,2,2,2,1,2
"cell440",2,2,1,2,2,2,2,1,2,2,1,2,2,2,3,2,2,2,2,3,1,2,2,2,2,2,2,2,2,2,1,2
"cell441",2,2,1,2,2,2,2,1,2,2,1,2,2,2,3,2,2,2,2,3,1,2,2,2,2,2,2,2,2,2,1,2
"cell442",2,2,1,2,2,2,2,1,2,2,1,2,2,2,3,2,2,2,2,3,1,2,2,2,2,2,2,2,2,2,1,2
"cell443",2,2,1,2,2,2,2,1,2,2,1,2,2,2,3,2,2,2,2,3,1,2,2,2,2,2,2,2,2,2,1,2
"cell444",2,2,1,2,2,2,2,1,2,2,1,2,2,2,3,2,2,2,2,3,1,2,2,2,2,2,2,2,2,2,1,2
"cell445",2,2,1,2,2,2,2,1,2,2,1,2,2,2,3,2,2,2,2,3,1,2,2,2,2,2,2,2,2,2,1,2
"cell446",2,2,1,2,2,2,2,1,2,2,1,2,2,2,3,2,2,2,2,3,1,2,2,2,2,2,2,2,2,2,1,2
"cell447",2,2,1,2,2,2,2,1,2,2,1,2,2,2,3,2,2,2,2,3,1,2,2,2,2,2,2,2,2,2,1,2
"cell448",2,2,1,2,2,2,2,1,2,2,1,2,2,2,3,2,2,2,2,3,1,2,2,2,2,2,2,2,2,2,1,2
"cell449",2,2,1,2,2,2,2,1,2,2,1,2,2,2,3,2,2,2,2,3,1,2,2,2,2,2,2,2,2,2,1,2
"cell450",2,2,1,2,2,2,2,1,2,2,1,2,2,2,3,2,2,2,2,3,1,2,2,2,2,2,2,2,2,2,1,2
"cell451",2,2,1,2,2,2,2,1,2,2,1,2,2,2,3,2,2,2,2,3,1,2,2,2,2,2,2,2,2,2,1,2
"cell452",2,2,1,2,2,2,2,1,2,2,1,2,2,2,3,2,2,2,2,3,1,2,2,2,2,2,2,2,2,2,1,2
"cell453",2,2,1,2,2,2,2,1,2,2,1,2,2,2,3,2,2,2,2,3,1,2,2,2,2,2,2,2,2,2,1,2
"cell454",2,2,1,2,2,2,2,1,2,2,1,2,2,2,3,2,2,2,2,3,1,2,2,2,2,2,2,2,2,2,1,2
"cell455",2,2,1,2,2,2,2,1,2,2,1,2,2,2,3,2,2,2,2,3,1,2,2,2,2,2,2,2,2,2,1,2
"cell456",2,2,1,2,2,2,2,1,2,2,1,2,2,2,3,2,2,2,2,3,1,2,2,2,2,2,2,2,2,2,1,2
"cell457",2,2,1,2,2,2,2,1,2,2,1,2,2,2,3,2,2,2,2,3,1,2,2,2,2,2,2,2,2,2,1,2
"cell458",2,2,1,2,2,2,2,1,2,2,1,2,2,2,3,2,2,2,2,3,1,2,2,2,2,2,2,2,2,2,1,2
"cell459",2,2,1,2,2,2,2,1,2,2,1,2,2,2,3,2,2,2,2,3,1,2,2,2,2,2,2,2,2,2,1,2
"cell460",2,2,1,2,2,2,2,1,2,2,1,2,2,2,3,2,2,2,2,3,1,2,2,2,2,2,2,2,2,2,1,2
"cell461",2,2,1,2,2,2,2,1,2,2,1,2,2,2,3,2,2,2,2,3,1,2,2,2,2,2,2,2,2,2,1,2
"cell462",2,2,1,2,2,2,2,1,2,2,1,2,2,2,3,2,2,2,2,3,1,2,2,2,2,2,2,2,2,2,1,2
"cell463",2,2,1,2,2,2,2,1,2,2,1,2,2,2,3,2,2,2,2,3,1,2,2,2,2,2,2,2,2,2,1,2
"cell464",2,2,1,2,2,2,2,1,2,2,1,2,2,2,3,2,2,2,2,3,1,2,2,2,2,2,2,2,2,2,1,2
"cell465",2,2,1,2,2,2,2,1,2,2,1,2,2,2,3,2,2,2,2,3,1,2,2,2,2,2,2,2,2,2,1,2
"cell466",2,2,1,2,2,2,2,1,2,2,1,2,2,2,3,2,2,2,2,3,1,2,2,2,2,2,2,2,2,2,1,2
"cell467",2,2,1,2,2,2,2,1,2,2,1,2,2,2,3,2,2,2,2,3,1,2,2,2,2,2,2,2,2,2,1,2
"cell468",2,2,1,2,2,2,2,1,2,2,1,2,2,2,3,2,2,2,2,3,1,2,2,2,2,2,2,2,2,2,1,2
"cell469",2,2,1,2,2,2,2,1,2,2,1,2,2,2,3,2,2,2,2,3,1,2,2,2,2,2,2,2,2,2,1,2
"cell470",2,2,1,2,2,2,2,1,2,2,1,2,2,2,3,2,2,2,2,3,1,2,2,2,2,2,2,2,2,2,1,2
"cell471",2,2,1,2,2,2,2,1,2,2,1,2,2,2,3,2,2,2,2,3,1,2,2,2,2,2,2,2,2,2,1,2
"cell472",2,2,1,2,2,2,2,1,2,2,1,2,2,2,3,2,2,2,2,3,1,2,2,2,2,2,2,2,2,2,1,2
"cell473",2,2,1,2,2,2,2,1,2,2,1,2,2,2,3,2,2,2,2,3,1,2,2,2,2,2,2,2,2,2,1,2
"cell474",2,2,1,2,2,2,2,1,2,2,1,2,2,2,3,2,2,2,2,3,1,2,2,2,2,2,2,2,2,2,1,2
"cell475",2,2,1,2,2,2,2,1,2,2,1,2,2,2,3,2,2,2,2,3,1,2,2,2,2,2,2,2,2,2,1,2
"cell476",2,2,1,2,2,2,2,1,2,2,1,2,2,2,3,2,2,2,2,3,1,2,2,2,2,2,2,2,2,2,1,2
"cell477",2,2,1,2,2,2,2,1,2,2,1,2,2,2,3,2,2,2,2,3,1,2,2,2,2,2,2,2,2,2,1,2
"cell478",2,2,1,2,2,2,2,1,2,2,1,2,2,2,3,2,2,2,2,3,1,2,2,2,2,2,2,2,2,2,1,2
"cell479",2,2,1,2,2,2,2,1,2,2,1,2,2,2,3,2,2,2,2,3,1,2,2,2,2,2,2,2,2,2,1,2
"cell480",2,2,1,2,2,2,2,1,2,2,1,2,2,2,3,2,2,2,2,3,1,2,2,2,2,2,2,2,2,2,1,2
"cell481",2,2,1,2,2,2,2,1,2,2,1,2,2,2,3,2,2,2,2,3,1,2,2,2,2,2,2,2,2,2,1,2
"cell482",2,2,1,2,2,2,2,1,2,2,1,2,2,2,3,2,2,2,2,3,1,2,2,2,2,2,2,2,2,2,1,2
"cell483",2,2,1,2,2,2,2,1,2,2,1,2,2,2,3,2,2,2,2,3,1,2,2,2,2,2,2,2,2,2,1,2
"cell484",2,2,1,2,2,2,2,1,2,2,1,2,2,2,3,2,2,2,2,3,1,2,2,2,2,2,2,2,2,2,1,2
"cell485",2,2,1,2,2,2,2,1,2,2,1,2,2,2,3,2,2,2,2,3,1,2,2,2,2,2,2,2,2,2,1,2
"cell486",2,2,1,2,2,2,2,1,2,2,1,2,2,2,3,2,2,2,2,3,1,2,2,2,2,2,2,2,2,2,1,2
"cell487",2,2,1,2,2,2,2,1,2,2,1,2,2,2,3,2,2,2,2,3,1,2,2,2,2,2,2,2,2,2,1,2
"cell488",2,2,1,2,2,2,2,1,2,2,1,2,2,2,3,2,2,2,2,3,1,2,2,2,2,2,2,2,2,2,1,2
"cell489",2,2,1,2,2,2,2,1,2,2,1,2,2,2,3,2,2,2,2,3,1,2,2,2,2,2,2,2,2,2,1,2
"cell490",2,2,1,2,2,2,2,1,2,2,1,2,2,2,3,2,2,2,2,3,1,2,2,2,2,2,2,2,2,2,1,2
"cell491",2,2,1,2,2,2,2,1,2,2,1,2,2,2,3,2,2,2,2,3,1,2,2,2,2,2,2,2,2,2,1,2
"cell492",2,2,1,2,2,2,2,1,2,2,1,2,2,2,3,2,2,2,2,3,1,2,2,2,2,2,2,2,2,2,1,2
"cell493",2,2,1,2,2,2,2,1,2,2,1,2,2,2,3,2,2,2,2,3,1,2,2,2,2,2,2,2,2,2,1,2
"cell494",2,2,1,2,2,2,2,1,2,2,1,2,2,2,3,2,2,2,2,3,1,2,2,2,2,2,2,2,2,2,1,2
"cell495",2,2,1,2,2,2,2,1,2,2,1,2,2,2,3,2,2,2,2,3,1,2,2,2,2,2,2,2,2,2,1,2
"cell496",2,2,1,2,2,2,2,1,2,2,1,2,2,2,3,2,2,2,2,3,1,2,2,2,2,2,2,2,2,2,1,2
"cell497",2,2,1,2,2,2,2,1,2,2,1,2,2,2,3,2,2,2,2,3,1,2,2,2,2,2,2,2,2,2,1,2
"cell498",2,2,1,2,2,2,2,1,2,2,1,2,2,2,3,2,2,2,2,3,1,2,2,2,2,2,2,2,2,2,1,2
"cell499",2,2,1,2,2,2,2,1,2,2,1,2,2,2,3,2,2,2,2,3,1,2,2,2,2,2,2,2,2,2,1,2
"cell500",2,2,1,2,2,2,2,1,2,2,1,2,2,2,3,2,2,2,2,3,1,2,2,2,2,2,2,2,2,2,1,2
"cell501",2,2,1,2,2,2,2,1,2,2,1,2,2,2,3,2,2,2,2,3,1,2,2,2,2,2,2,2,2,2,1,2
"cell502",2,2,1,2,2,2,2,1,2,2,1,2,2,2,3,2,2,2,2,3,1,2,2,2,2,2,2,2,2,2,1,2
"cell503",2,2,1,2,2,2,2,1,2,2,1,2,2,2,3,2,2,2,2,3,1,2,2,2,2,2,2,2,2,2,1,2
"cell504",2,2,1,2,2,2,2,1,2,2,1,2,2,2,3,2,2,2,2,3,1,2,2,2,2,2,2,2,2,2,1,2
"cell505",2,2,1,2,2,2,2,1,2,2,1,2,2,2,3,2,2,2,2,3,1,2,2,2,2,2,2,2,2,2,1,2
"cell506",2,2,1,2,2,2,2,1,2,2,1,2,2,2,3,2,2,2,2,3,1,2,2,2,2,2,2,2,2,2,1,2
"cell507",2,2,1,2,2,2,2,1,2,2,1,2,2,2,3,2,2,2,2,3,1,2,2,2,2,2,2,2,2,2,1,2
"cell508",2,2,1,2,2,2,2,1,2,2,1,2,2,2,3,2,2,2,2,3,1,2,2,2,2,2,2,2,2,2,1,2
"cell509",2,2,1,2,2,2,2,1,2,2,1,2,2,2,3,2,2,2,2,3,1,2,2,2,2,2,2,2,2,2,1,2
"cell510",2,2,1,2,2,2,2,1,2,2,1,2,2,2,3,2,2,2,2,3,1,2,2,2,2,2,2,2,2,2,1,2
"cell511",2,2,1,2,2,2,2,1,2,2,1,2,2,2,3,2,2,2,2,3,1,2,2,2,2,2,2,2,2,2,1,2
"cell512",2,2,1,2,2,2,2,1,2,2,1,2,2,2,3,2,2,2,2,3,1,2,2,2,2,2,2,2,2,2,1,2
"cell513",2,2,1,2,2,2,2,1,2,2,1,2,2,2,3,2,2,2,2,3,1,2,2,2,2,2,2,2,2,2,1,2
"cell514",2,2,1,2,2,2,2,1,2,2,1,2,2,2,3,2,2,2,2,3,1,2,2,2,2,2,2,2,2,2,1,2
"cell515",2,2,1,2,2,2,2,1,2,2,1,2,2,2,3,2,2,2,2,3,1,2,2,2,2,2,2,2,2,2,1,2
"cell516",2,2,1,2,2,2,2,1,2,2,1,2,2,2,3,2,2,2,2,3,1,2,2,2,2,2,2,2,2,2,1,2
"cell517",2,2,1,2,2,2,2,1,2,2,1,2,2,2,3,2,2,2,2,3,1,2,2,2,2,2,2,2,2,2,1,2
"cell518",2,2,1,2,2,2,2,1,2,2,1,2,2,2,3,2,2,2,2,3,1,2,2,2,2,2,2,2,2,2,1,2
"cell519",2,2,1,2,2,2,2,1,2,2,1,2,2,2,3,2,2,2,2,3,1,2,2,2,2,2,2,2,2,2,1,2
"cell520",2,2,1,2,2,2,2,1,2,2,1,2,2,2,3,2,2,2,2,3,1,2,2,2,2,2,2,2,2,2,1,2
"cell521",2,2,1,2,2,2,2,1,2,2,1,2,2,2,3,2,2,2,2,3,1,2,2,2,2,2,2,2,2,2,1,2
"cell522",2,2,1,2,2,2,2,1,2,2,1,2,2,2,3,2,2,2,2,3,1,2,2,2,2,2,2,2,2,2,1,2
"cell523",2,2,1,2,2,2,2,1,2,2,1,2,2,2,3,2,2,2,2,3,1,2,2,2,2,2,2,2,2,2,1,2
"cell524",2,2,1,2,2,2,2,1,2,2,1,2,2,2,3,2,2,2,2,3,1,2,2,2,2,2,2,2,2,2,1,2
"cell525",2,2,1,2,2,2,2,1,2,2,1,2,2,2,3,2,2,2,2,3,1,2,2,2,2,2,2,2,2,2,1,2
"cell526",2,2,1,2,2,2,2,1,2,2,1,2,2,2,3,2,2,2,2,3,1,2,2,2,2,2,2,2,2,2,1,2
"cell527",2,2,1,2,2,2,2,1,2,2,1,2,2,2,3,2,2,2,2,3,1,2,2,2,2,2,2,2,2,2,1,2
"cell528",2,2,1,2,2,2,2,1,2,2,1,2,2,2,3,2,2,2,2,3,1,2,2,2,2,2,2,2,2,2,1,2
"cell529",2,2,1,2,2,2,2,1,2,2,1,2,2,2,3,2,2,2,2,3,1,2,2,2,2,2,2,2,2,2,1,2
"cell530",2,2,1,2,2,2,2,1,2,2,1,2,2,2,3,2,2,2,2,3,1,2,2,2,2,2,2,2,2,2,1,2
"cell531",2,2,1,2,2,2,2,1,2,2,1,2,2,2,3,2,2,2,2,3,1,2,2,2,2,2,2,2,2,2,1,2
"cell532",2,2,1,2,2,2,2,1,2,2,1,2,2,2,3,2,2,2,2,3,1,2,2,2,2,2,2,2,2,2,1,2
"cell533",2,2,1,2,2,2,2,1,2,2,1,2,2,2,3,2,2,2,2,3,1,2,2,2,2,2,2,2,2,2,1,2
"cell534",2,2,1,2,2,2,2,1,2,2,1,2,2,2,3,2,2,2,2,3,1,2,2,2,2,2,2,2,2,2,1,2
"cell535",2,2,1,2,2,2,2,1,2,2,1,2,2,2,3,2,2,2,2,3,1,2,2,2,2,2,2,2,2,2,1,2
"cell536",2,2,1,2,2,2,2,1,2,2,1,2,2,2,3,2,2,2,2,3,1,2,2,2,2,2,2,2,2,2,1,2
"cell537",2,2,1,2,2,2,2,1,2,2,1,2,2,2,3,2,2,2,2,3,1,2,2,2,2,2,2,2,2,2,1,2
"cell538",2,2,1,2,2,2,2,1,2,2,1,2,2,2,3,2,2,2,2,3,1,2,2,2,2,2,2,2,2,2,1,2
"cell539",2,2,1,2,2,2,2,1,2,2,1,2,2,2,3,2,2,2,2,3,1,2,2,2,2,2,2,2,2,2,1,2
"cell540",2,2,1,2,2,2,2,1,2,2,1,2,2,2,3,2,2,2,2,3,1,2,2,2,2,2,2,2,2,2,1,2
"cell541",2,2,1,2,2,2,2,1,2,2,1,2,2,2,3,2,2,2,2,3,1,2,2,2,2,2,2,2,2,2,1,2
"cell542",2,2,1,2,2,2,2,1,2,2,1,2,2,2,3,2,2,2,2,3,1,2,2,2,2,2,2,2,2,2,1,2
"cell543",2,2,1,2,2,2,2,1,2,2,1,2,2,2,3,2,2,2,2,3,1,2,2,2,2,2,2,2,2,2,1,2
"cell544",2,2,1,2,2,2,2,1,2,2,1,2,2,2,3,2,2,2,2,3,1,2,2,2,2,2,2,2,2,2,1,2
"cell545",2,2,1,2,2,2,2,1,2,2,1,2,2,2,3,2,2,2,2,3,1,2,2,2,2,2,2,2,2,2,1,2
"cell546",2,2,1,2,2,2,2,1,2,2,1,2,2,2,3,2,2,2,2,3,1,2,2,2,2,2,2,2,2,2,1,2
"cell547",2,2,1,2,2,2,2,1,2,2,1,2,2,2,3,2,2,2,2,3,1,2,2,2,2,2,2,2,2,2,1,2
"cell548",2,2,1,2,2,2,2,1,2,2,1,2,2,2,3,2,2,2,2,3,1,2,2,2,2,2,2,2,2,2,1,2
"cell549",2,2,1,2,2,2,2,1,2,2,1,2,2,2,3,2,2,2,2,3,1,2,2,2,2,2,2,2,2,2,1,2
"cell550",2,2,1,2,2,2,2,1,2,2,1,2,2,2,3,2,2,2,2,3,1,2,2,2,2,2,2,2,2,2,1,2
"cell551",2,2,1,2,2,2,2,1,2,2,1,2,2,2,3,2,2,2,2,3,1,2,2,2,2,2,2,2,2,2,1,2
"cell552",2,2,1,2,2,2,2,1,2,2,1,2,2,2,3,2,2,2,2,3,1,2,2,2,2,2,2,2,2,2,1,2
"cell553",2,2,1,2,2,2,2,1,2,2,1,2,2,2,3,2,2,2,2,3,1,2,2,2,2,2,2,2,2,2,1,2
"cell554",2,2,1,2,2,2,2,1,2,2,1,2,2,2,3,2,2,2,2,3,1,2,2,2,2,2,2,2,2,2,1,2
"cell555",2,2,1,2,2,2,2,1,2,2,1,2,2,2,3,2,2,2,2,3,1,2,2,2,2,2,2,2,2,2,1,2
"cell556",2,2,1,2,2,2,2,1,2,2,1,2,2,2,3,2,2,2,2,3,1,2,2,2,2,2,2,2,2,2,1,2
"cell557",2,2,1,2,2,2,2,1,2,2,1,2,2,2,3,2,2,2,2,3,1,2,2,2,2,2,2,2,2,2,1,2
"cell558",2,2,1,2,2,2,2,1,2,2,1,2,2,2,3,2,2,2,2,3,1,2,2,2,2,2,2,2,2,2,1,2
"cell559",2,2,1,2,2,2,2,1,2,2,1,2,2,2,3,2,2,2,2,3,1,2,2,2,2,2,2,2,2,2,1,2
"cell560",2,2,1,2,2,2,2,1,2,2,1,2,2,2,3,2,2,2,2,3,1,2,2,2,2,2,2,2,2,2,1,2
"cell561",2,2,1,2,2,2,2,1,2,2,1,2,2,2,3,2,2,2,2,3,1,2,2,2,2,2,2,2,2,2,1,2
"cell562",2,2,1,2,2,2,2,1,2,2,1,2,2,2,3,2,2,2,2,3,1,2,2,2,2,2,2,2,2,2,1,2
"cell563",2,2,1,2,2,2,2,1,2,2,1,2,2,2,3,2,2,2,2,3,1,2,2,2,2,2,2,2,2,2,1,2
"cell564",2,2,1,2,2,2,2,1,2,2,1,2,2,2,3,2,2,2,2,3,1,2,2,2,2,2,2,2,2,2,1,2
"cell565",2,2,1,2,2,2,2,1,2,2,1,2,2,2,3,2,2,2,2,3,1,2,2,2,2,2,2,2,2,2,1,2
"cell566",2,2,1,2,2,2,2,1,2,2,1,2,2,2,3,2,2,2,2,3,1,2,2,2,2,2,2,2,2,2,1,2
"cell567",2,2,1,2,2,2,2,1,2,2,1,2,2,2,3,2,2,2,2,3,1,2,2,2,2,2,2,2,2,2,1,2
"cell568",2,2,1,2,2,2,2,1,2,2,1,2,2,2,3,2,2,2,2,3,1,2,2,2,2,2,2,2,2,2,1,2
"cell569",2,2,1,2,2,2,2,1,2,2,1,2,2,2,3,2,2,2,2,3,1,2,2,2,2,2,2,2,2,2,1,2
"cell570",2,2,1,2,2,2,2,1,2,2,1,2,2,2,3,2,2,2,2,3,1,2,2,2,2,2,2,2,2,2,1,2
"cell571",2,2,1,2,2,2,2,1,2,2,1,2,2,2,3,2,2,2,2,3,1,2,2,2,2,2,2,2,2,2,1,2
"cell572",2,2,1,2,2,2,2,1,2,2,1,2,2,2,3,2,2,2,2,3,1,2,2,2,2,2,2,2,2,2,1,2
"cell573",2,2,1,2,2,2,2,1,2,2,1,2,2,2,3,2,2,2,2,3,1,2,2,2,2,2,2,2,2,2,1,2
"cell574",2,2,1,2,2,2,2,1,2,2,1,2,2,2,3,2,2,2,2,3,1,2,2,2,2,2,2,2,2,2,1,2
"cell575",2,2,1,2,2,2,2,1,2,2,1,2,2,2,3,2,2,2,2,3,1,2,2,2,2,2,2,2,2,2,1,2
"cell576",2,2,1,2,2,2,2,1,2,2,1,2,2,2,3,2,2,2,2,3,1,2,2,2,2,2,2,2,2,2,1,2
"cell577",2,2,1,2,2,2,2,1,2,2,1,2,2,2,3,2,2,2,2,3,1,2,2,2,2,2,2,2,2,2,1,2
"cell578",2,2,1,2,2,2,2,1,2,2,1,2,2,2,3,2,2,2,2,3,1,2,2,2,2,2,2,2,2,2,1,2
"cell579",2,2,1,2,2,2,2,1,2,2,1,2,2,2,3,2,2,2,2,3,1,2,2,2,2,2,2,2,2,2,1,2
"cell580",2,2,1,2,2,2,2,1,2,2,1,2,2,2,3,2,2,2,2,3,1,2,2,2,2,2,2,2,2,2,1,2
"cell581",2,2,1,2,2,2,2,1,2,2,1,2,2,2,3,2,2,2,2,3,1,2,2,2,2,2,2,2,2,2,1,2
"cell582",2,2,1,2,2,2,2,1,2,2,1,2,2,2,3,2,2,2,2,3,1,2,2,2,2,2,2,2,2,2,1,2
"cell583",2,2,1,2,2,2,2,1,2,2,1,2,2,2,3,2,2,2,2,3,1,2,2,2,2,2,2,2,2,2,1,2
"cell584",2,2,1,2,2,2,2,1,2,2,1,2,2,2,3,2,2,2,2,3,1,2,2,2,2,2,2,2,2,2,1,2
"cell585",2,2,1,2,2,2,2,1,2,2,1,2,2,2,3,2,2,2,2,3,1,2,2,2,2,2,2,2,2,2,1,2
"cell586",2,2,1,2,2,2,2,1,2,2,1,2,2,2,3,2,2,2,2,3,1,2,2,2,2,2,2,2,2,2,1,2
"cell587",2,2,1,2,2,2,2,1,2,2,1,2,2,2,3,2,2,2,2,3,1,2,2,2,2,2,2,2,2,2,1,2
"cell588",2,2,1,2,2,2,2,1,2,2,1,2,2,2,3,2,2,2,2,3,1,2,2,2,2,2,2,2,2,2,1,2
"cell589",2,2,1,2,2,2,2,1,2,2,1,2,2,2,3,2,2,2,2,3,1,2,2,2,2,2,2,2,2,2,1,2
"cell590",2,2,1,2,2,2,2,1,2,2,1,2,2,2,3,2,2,2,2,3,1,2,2,2,2,2,2,2,2,2,1,2
"cell591",2,2,1,2,2,2,2,1,2,2,1,2,2,2,3,2,2,2,2,3,1,2,2,2,2,2,2,2,2,2,1,2
"cell592",2,2,1,2,2,2,2,1,2,2,1,2,2,2,3,2,2,2,2,3,1,2,2,2,2,2,2,2,2,2,1,2
"cell593",2,2,1,2,2,2,2,1,2,2,1,2,2,2,3,2,2,2,2,3,1,2,2,2,2,2,2,2,2,2,1,2
"cell594",2,2,1,2,2,2,2,1,2,2,1,2,2,2,3,2,2,2,2,3,1,2,2,2,2,2,2,2,2,2,1,2
"cell595",2,2,1,2,2,2,2,1,2,2,1,2,2,2,3,2,2,2,2,3,1,2,2,2,2,2,2,2,2,2,1,2
"cell596",2,2,1,2,2,2,2,1,2,2,1,2,2,2,3,2,2,2,2,3,1,2,2,2,2,2,2,2,2,2,1,2
"cell597",2,2,1,2,2,2,2,1,2,2,1,2,2,2,3,2,2,2,2,3,1,2,2,2,2,2,2,2,2,2,1,2
"cell598",2,2,1,2,2,2,2,1,2,2,1,2,2,2,3,2,2,2,2,3,1,2,2,2,2,2,2,2,2,2,1,2
"cell599",2,2,1,2,2,2,2,1,2,2,1,2,2,2,3,2,2,2,2,3,1,2,2,2,2,2,2,2,2,2,1,2
"cell600",2,2,1,2,2,2,2,1,2,2,1,2,2,2,3,2,2,2,2,3,1,2,2,2,2,2,2,2,2,2,1,2
"cell601",2,2,1,2,2,2,2,1,2,2,1,2,2,2,3,2,2,2,2,3,1,2,2,2,2,2,2,2,2,2,1,2
"cell602",2,2,1,2,2,2,2,1,2,2,1,2,2,2,3,2,2,2,2,3,1,2,2,2,2,2,2,2,2,2,1,2
"cell603",2,2,1,2,2,2,2,1,2,2,1,2,2,2,3,2,2,2,2,3,1,2,2,2,2,2,2,2,2,2,1,2
"cell604",2,2,1,2,2,2,2,1,2,2,1,2,2,2,3,2,2,2,2,3,1,2,2,2,2,2,2,2,2,2,1,2
"cell605",2,2,1,2,2,2,2,1,2,2,1,2,2,2,3,2,2,2,2,3,1,2,2,2,2,2,2,2,2,2,1,2
"cell606",2,2,1,2,2,2,2,1,2,2,1,2,2,2,3,2,2,2,2,3,1,2,2,2,2,2,2,2,2,2,1,2
"cell607",2,2,1,2,2,2,2,1,2,2,1,2,2,2,3,2,2,2,2,3,1,2,2,2,2,2,2,2,2,2,1,2
"cell608",2,2,1,2,2,2,2,1,2,2,1,2,2,2,3,2,2,2,2,3,1,2,2,2,2,2,2,2,2,2,1,2
"cell609",2,2,1,2,2,2,2,1,2,2,1,2,2,2,3,2,2,2,2,3,1,2,2,2,2,2,2,2,2,2,1,2
"cell610",2,2,1,2,2,2,2,1,2,2,1,2,2,2,3,2,2,2,2,3,1,2,2,2,2,2,2,2,2,2,1,2
"cell611",2,2,1,2,2,2,2,1,2,2,1,2,2,2,3,2,2,2,2,3,1,2,2,2,2,2,2,2,2,2,1,2
"cell612",2,2,1,2,2,2,2,1,2,2,1,2,2,2,3,2,2,2,2,3,1,2,2,2,2,2,2,2,2,2,1,2
"cell613",2,2,1,2,2,2,2,1,2,2,1,2,2,2,3,2,2,2,2,3,1,2,2,2,2,2,2,2,2,2,1,2
"cell614",2,2,1,2,2,2,2,1,2,2,1,2,2,2,3,2,2,2,2,3,1,2,2,2,2,2,2,2,2,2,1,2
"cell615",2,2,1,2,2,2,2,1,2,2,1,2,2,2,3,2,2,2,2,3,1,2,2,2,2,2,2,2,2,2,1,2
"cell616",2,2,1,2,2,2,2,1,2,2,1,2,2,2,3,2,2,2,2,3,1,2,2,2,2,2,2,2,2,2,1,2
"cell617",2,2,1,2,2,2,2,1,2,2,1,2,2,2,3,2,2,2,2,3,1,2,2,2,2,2,2,2,2,2,1,2
"cell618",2,2,1,2,2,2,2,1,2,2,1,2,2,2,3,2,2,2,2,3,1,2,2,2,2,2,2,2,2,2,1,2
"cell619",2,2,1,2,2,2,2,1,2,2,1,2,2,2,3,2,2,2,2,3,1,2,2,2,2,2,2,2,2,2,1,2
"cell620",2,2,1,2,2,2,2,1,2,2,1,2,2,2,3,2,2,2,2,3,1,2,2,2,2,2,2,2,2,2,1,2
"cell621",2,2,1,2,2,2,2,1,2,2,1,2,2,2,3,2,2,2,2,3,1,2,2,2,2,2,2,2,2,2,1,2
"cell622",2,2,1,2,2,2,2,1,2,2,1,2,2,2,3,2,2,2,2,3,1,2,2,2,2,2,2,2,2,2,1,2
"cell623",2,2,1,2,2,2,2,1,2,2,1,2,2,2,3,2,2,2,2,3,1,2,2,2,2,2,2,2,2,2,1,2
"cell624",2,2,1,2,2,2,2,1,2,2,1,2,2,2,3,2,2,2,2,3,1,2,2,2,2,2,2,2,2,2,1,2
"cell625",2,2,1,2,2,2,2,1,2,2,1,2,2,2,3,2,2,2,2,3,1,2,2,2,2,2,2,2,2,2,1,2
"cell626",2,2,1,2,2,2,2,1,2,2,1,2,2,2,3,2,2,2,2,3,1,2,2,2,2,2,2,2,2,2,1,2
"cell627",2,2,1,2,2,2,2,1,2,2,1,2,2,2,3,2,2,2,2,3,1,2,2,2,2,2,2,2,2,2,1,2
"cell628",2,2,1,2,2,2,2,1,2,2,1,2,2,2,3,2,2,2,2,3,1,2,2,2,2,2,2,2,2,2,1,2
"cell629",2,2,1,2,2,2,2,1,2,2,1,2,2,2,3,2,2,2,2,3,1,2,2,2,2,2,2,2,2,2,1,2
"cell630",2,2,1,2,2,2,2,1,2,2,1,2,2,2,3,2,2,2,2,3,1,2,2,2,2,2,2,2,2,2,1,2
"cell631",2,2,1,2,2,2,2,1,2,2,1,2,2,2,3,2,2,2,2,3,1,2,2,2,2,2,2,2,2,2,1,2
"cell632",2,2,1,2,2,2,2,1,2,2,1,2,2,2,3,2,2,2,2,3,1,2,2,2,2,2,2,2,2,2,1,2
"cell633",2,2,1,2,2,2,2,1,2,2,1,2,2,2,3,2,2,2,2,3,1,2,2,2,2,2,2,2,2,2,1,2
"cell634",2,2,1,2,2,2,2,1,2,2,1,2,2,2,3,2,2,2,2,3,1,2,2,2,2,2,2,2,2,2,1,2
"cell635",2,2,1,2,2,2,2,1,2,2,1,2,2,2,3,2,2,2,2,3,1,2,2,2,2,2,2,2,2,2,1,2
"cell636",2,2,1,2,2,2,2,1,2,2,1,2,2,2,3,2,2,2,2,3,1,2,2,2,2,2,2,2,2,2,1,2
"cell637",2,2,1,2,2,2,2,1,2,2,1,2,2,2,3,2,2,2,2,3,1,2,2,2,2,2,2,2,2,2,1,2
"cell638",2,2,1,2,2,2,2,1,2,2,1,2,2,2,3,2,2,2,2,3,1,2,2,2,2,2,2,2,2,2,1,2
"cell639",2,2,1,2,2,2,2,1,2,2,1,2,2,2,3,2,2,2,2,3,1,2,2,2,2,2,2,2,2,2,1,2
"cell640",2,2,1,2,2,2,2,1,2,2,1,2,2,2,3,2,2,2,2,3,1,2,2,2,2,2,2,2,2,2,1,2
"cell641",2,2,1,2,2,2,2,1,2,2,1,2,2,2,3,2,2,2,2,3,1,2,2,2,2,2,2,2,2,2,1,2
"cell642",2,2,1,2,2,2,2,1,2,2,1,2,2,2,3,2,2,2,2,3,1,2,2,2,2,2,2,2,2,2,1,2
"cell643",2,2,1,2,2,2,2,1,2,2,1,2,2,2,3,2,2,2,2,3,1,2,2,2,2,2,2,2,2,2,1,2
"cell644",2,2,1,2,2,2,2,1,2,2,1,2,2,2,3,2,2,2,2,3,1,2,2,2,2,2,2,2,2,2,1,2
"cell645",2,2,1,2,2,2,2,1,2,2,1,2,2,2,3,2,2,2,2,3,1,2,2,2,2,2,2,2,2,2,1,2
"cell646",2,2,1,2,2,2,2,1,2,2,1,2,2,2,3,2,2,2,2,3,1,2,2,2,2,2,2,2,2,2,1,2
"cell647",2,2,1,2,2,2,2,1,2,2,1,2,2,2,3,2,2,2,2,3,1,2,2,2,2,2,2,2,2,2,1,2
"cell648",2,2,1,2,2,2,2,1,2,2,1,2,2,2,3,2,2,2,2,3,1,2,2,2,2,2,2,2,2,2,1,2
"cell649",2,2,1,2,2,2,2,1,2,2,1,2,2,2,3,2,2,2,2,3,1,2,2,2,2,2,2,2,2,2,1,2
"cell650",2,2,1,2,2,2,2,1,2,2,1,2,2,2,3,2,2,2,2,3,1,2,2,2,2,2,2,2,2,2,1,2
"cell651",2,2,1,2,2,2,2,1,2,2,1,2,2,2,3,2,2,2,2,3,1,2,2,2,2,2,2,2,2,2,1,2
"cell652",2,2,1,2,2,2,2,1,2,2,1,2,2,2,3,2,2,2,2,3,1,2,2,2,2,2,2,2,2,2,1,2
"cell653",2,2,1,2,2,2,2,1,2,2,1,2,2,2,3,2,2,2,2,3,1,2,2,2,2,2,2,2,2,2,1,2
"cell654",2,2,1,2,2,2,2,1,2,2,1,2,2,2,3,2,2,2,2,3,1,2,2,2,2,2,2,2,2,2,1,2
"cell655",2,2,1,2,2,2,2,1,2,2,1,2,2,2,3,2,2,2,2,3,1,2,2,2,2,2,2,2,2,2,1,2
"cell656",2,2,1,2,2,2,2,1,2,2,1,2,2,2,3,2,2,2,2,3,1,2,2,2,2,2,2,2,2,2,1,2
"cell657",2,2,1,2,2,2,2,1,2,2,1,2,2,2,3,2,2,2,2,3,1,2,2,2,2,2,2,2,2,2,1,2
"cell658",2,2,1,2,2,2,2,1,2,2,1,2,2,2,3,2,2,2,2,3,1,2,2,2,2,2,2,2,2,2,1,2
"cell659",2,2,1,2,2,2,2,1,2,2,1,2,2,2,3,2,2,2,2,3,1,2,2,2,2,2,2,2,2,2,1,2
"cell660",2,2,1,2,2,2,2,1,2,2,1,2,2,2,3,2,2,2,2,3,1,2,2,2,2,2,2,2,2,2,1,2
"cell661",2,2,1,2,2,2,2,1,2,2,1,2,2,2,3,2,2,2,2,3,1,2,2,2,2,2,2,2,2,2,1,2
"cell662",2,2,1,2,2,2,2,1,2,2,1,2,2,2,3,2,2,2,2,3,1,2,2,2,2,2,2,2,2,2,1,2
"cell663",2,2,1,2,2,2,2,1,2,2,1,2,2,2,3,2,2,2,2,3,1,2,2,2,2,2,2,2,2,2,1,2
"cell664",2,2,1,2,2,2,2,1,2,2,1,2,2,2,3,2,2,2,2,3,1,2,2,2,2,2,2,2,2,2,1,2
"cell665",2,2,1,2,2,2,2,1,2,2,1,2,2,2,3,2,2,2,2,3,1,2,2,2,2,2,2,2,2,2,1,2
"cell666",2,2,1,2,2,2,2,1,2,2,1,2,2,2,3,2,2,2,2,3,1,2,2,2,2,2,2,2,2,2,1,2
"cell667",2,2,1,2,2,2,2,1,2,2,1,2,2,2,3,2,2,2,2,3,1,2,2,2,2,2,2,2,2,2,1,2
"cell668",2,2,1,2,2,2,2,1,2,2,1,2,2,2,3,2,2,2,2,3,1,2,2,2,2,2,2,2,2,2,1,2
"cell669",2,2,1,2,2,2,2,1,2,2,1,2,2,2,3,2,2,2,2,3,1,2,2,2,2,2,2,2,2,2,1,2
"cell670",2,2,1,2,2,2,2,1,2,2,1,2,2,2,3,2,2,2,2,3,1,2,2,2,2,2,2,2,2,2,1,2
"cell671",2,2,1,2,2,2,2,1,2,2,1,2,2,2,3,2,2,2,2,3,1,2,2,2,2,2,2,2,2,2,1,2
"cell672",2,2,1,2,2,2,2,1,2,2,1,2,2,2,3,2,2,2,2,3,1,2,2,2,2,2,2,2,2,2,1,2
"cell673",2,2,1,2,2,2,2,1,2,2,1,2,2,2,3,2,2,2,2,3,1,2,2,2,2,2,2,2,2,2,1,2
"cell674",2,2,1,2,2,2,2,1,2,2,1,2,2,2,3,2,2,2,2,3,1,2,2,2,2,2,2,2,2,2,1,2
"cell675",2,2,1,2,2,2,2,1,2,2,1,2,2,2,3,2,2,2,2,3,1,2,2,2,2,2,2,2,2,2,1,2
"cell676",2,2,1,2,2,2,2,1,2,2,1,2,2,2,3,2,2,2,2,3,1,2,2,2,2,2,2,2,2,2,1,2
"cell677",2,2,1,2,2,2,2,1,2,2,1,2,2,2,3,2,2,2,2,3,1,2,2,2,2,2,2,2,2,2,1,2
"cell678",2,2,1,2,2,2,2,1,2,2,1,2,2,2,3,2,2,2,2,3,1,2,2,2,2,2,2,2,2,2,1,2
"cell679",2,2,1,2,2,2,2,1,2,2,1,2,2,2,3,2,2,2,2,3,1,2,2,2,2,2,2,2,2,2,1,2
"cell680",2,2,1,2,2,2,2,1,2,2,1,2,2,2,3,2,2,2,2,3,1,2,2,2,2,2,2,2,2,2,1,2
"cell681",2,2,1,2,2,2,2,1,2,2,1,2,2,2,3,2,2,2,2,3,1,2,2,2,2,2,2,2,2,2,1,2
"cell682",2,2,1,2,2,2,2,1,2,2,1,2,2,2,3,2,2,2,2,3,1,2,2,2,2,2,2,2,2,2,1,2
"cell683",2,2,1,2,2,2,2,1,2,2,1,2,2,2,3,2,2,2,2,3,1,2,2,2,2,2,2,2,2,2,1,2
"cell684",2,2,1,2,2,2,2,1,2,2,1,2,2,2,3,2,2,2,2,3,1,2,2,2,2,2,2,2,2,2,1,2
"cell685",2,2,1,2,2,2,2,1,2,2,1,2,2,2,3,2,2,2,2,3,1,2,2,2,2,2,2,2,2,2,1,2
"cell686",2,2,1,2,2,2,2,1,2,2,1,2,2,2,3,2,2,2,2,3,1,2,2,2,2,2,2,2,2,2,1,2
"cell687",2,2,1,2,2,2,2,1,2,2,1,2,2,2,3,2,2,2,2,3,1,2,2,2,2,2,2,2,2,2,1,2
"cell688",2,2,1,2,2,2,2,1,2,2,1,2,2,2,3,2,2,2,2,3,1,2,2,2,2,2,2,2,2,2,1,2
"cell689",2,2,1,2,2,2,2,1,2,2,1,2,2,2,3,2,2,2,2,3,1,2,2,2,2,2,2,2,2,2,1,2
"cell690",2,2,1,2,2,2,2,1,2,2,1,2,2,2,3,2,2,2,2,3,1,2,2,2,2,2,2,2,2,2,1,2
"cell691",2,2,1,2,2,2,2,1,2,2,1,2,2,2,3,2,2,2,2,3,1,2,2,2,2,2,2,2,2,2,1,2
"cell692",2,2,1,2,2,2,2,1,2,2,1,2,2,2,3,2,2,2,2,3,1,2,2,2,2,2,2,2,2,2,1,2
"cell693",2,2,1,2,2,2,2,1,2,2,1,2,2,2,3,2,2,2,2,3,1,2,2,2,2,2,2,2,2,2,1,2
"cell694",2,2,1,2,2,2,2,1,2,2,1,2,2,2,3,2,2,2,2,3,1,2,2,2,2,2,2,2,2,2,1,2
"cell695",2,2,1,2,2,2,2,1,2,2,1,2,2,2,3,2,2,2,2,3,1,2,2,2,2,2,2,2,2,2,1,2
"cell696",2,2,1,2,2,2,2,1,2,2,1,2,2,2,3,2,2,2,2,3,1,2,2,2,2,2,2,2,2,2,1,2
"cell697",2,2,1,2,2,2,2,1,2,2,1,2,2,2,3,2,2,2,2,3,1,2,2,2,2,2,2,2,2,2,1,2
"cell698",2,2,1,2,2,2,2,1,2,2,1,2,2,2,3,2,2,2,2,3,1,2,2,2,2,2,2,2,2,2,1,2
"cell699",2,2,1,2,2,2,2,1,2,2,1,2,2,2,3,2,2,2,2,3,1,2,2,2,2,2,2,2,2,2,1,2
"cell700",2,2,1,2,2,2,2,1,2,2,1,2,2,2,3,2,2,2,2,3,1,2,2,2,2,2,2,2,2,2,1,2
"cell701",2,2,1,2,2,2,2,2,2,2,1,1,2,2,3,2,2,2,2,3,1,2,2,2,2,2,2,2,2,2,1,2
"cell702",2,2,1,2,2,2,2,2,2,2,1,1,2,2,3,2,2,2,2,3,1,2,2,2,2,2,2,2,2,2,1,2
"cell703",2,2,1,2,2,2,2,2,2,2,1,1,2,2,3,2,2,2,2,3,1,2,2,2,2,2,2,2,2,2,1,2
"cell704",2,2,1,2,2,2,2,2,2,2,1,1,2,2,3,2,2,2,2,3,1,2,2,2,2,2,2,2,2,2,1,2
"cell705",2,2,1,2,2,2,2,2,2,2,1,1,2,2,3,2,2,2,2,3,1,2,2,2,2,2,2,2,2,2,1,2
"cell706",2,2,1,2,2,2,2,2,2,2,1,1,2,2,3,2,2,2,2,3,1,2,2,2,2,2,2,2,2,2,1,2
"cell707",2,2,1,2,2,2,2,2,2,2,1,1,2,2,3,2,2,2,2,3,1,2,2,2,2,2,2,2,2,2,1,2
"cell708",2,2,1,2,2,2,2,2,2,2,1,1,2,2,3,2,2,2,2,3,1,2,2,2,2,2,2,2,2,2,1,2
"cell709",2,2,1,2,2,2,2,2,2,2,1,1,2,2,3,2,2,2,2,3,1,2,2,2,2,2,2,2,2,2,1,2
"cell710",2,2,1,2,2,2,2,2,2,2,1,1,2,2,3,2,2,2,2,3,1,2,2,2,2,2,2,2,2,2,1,2
"cell711",2,2,1,2,2,2,2,2,2,2,1,1,2,2,3,2,2,2,2,3,1,2,2,2,2,2,2,2,2,2,1,2
"cell712",2,2,1,2,2,2,2,2,2,2,1,1,2,2,3,2,2,2,2,3,1,2,2,2,2,2,2,2,2,2,1,2
"cell713",2,2,1,2,2,2,2,2,2,2,1,1,2,2,3,2,2,2,2,3,1,2,2,2,2,2,2,2,2,2,1,2
"cell714",2,2,1,2,2,2,2,2,2,2,1,1,2,2,3,2,2,2,2,3,1,2,2,2,2,2,2,2,2,2,1,2
"cell715",2,2,1,2,2,2,2,2,2,2,1,1,2,2,3,2,2,2,2,3,1,2,2,2,2,2,2,2,2,2,1,2
"cell716",2,2,1,2,2,2,2,2,2,2,1,1,2,2,3,2,2,2,2,3,1,2,2,2,2,2,2,2,2,2,1,2
"cell717",2,2,1,2,2,2,2,2,2,2,1,1,2,2,3,2,2,2,2,3,1,2,2,2,2,2,2,2,2,2,1,2
"cell718",2,2,1,2,2,2,2,2,2,2,1,1,2,2,3,2,2,2,2,3,1,2,2,2,2,2,2,2,2,2,1,2
"cell719",2,2,1,2,2,2,2,2,2,2,1,1,2,2,3,2,2,2,2,3,1,2,2,2,2,2,2,2,2,2,1,2
"cell720",2,2,1,2,2,2,2,2,2,2,1,1,2,2,3,2,2,2,2,3,1,2,2,2,2,2,2,2,2,2,1,2
"cell721",2,2,1,2,2,2,2,2,2,2,1,1,2,2,3,2,2,2,2,3,1,2,2,2,2,2,2,2,2,2,1,2
"cell722",2,2,1,2,2,2,2,2,2,2,1,1,2,2,3,2,2,2,2,3,1,2,2,2,2,2,2,2,2,2,1,2
"cell723",2,2,1,2,2,2,2,2,2,2,1,1,2,2,3,2,2,2,2,3,1,2,2,2,2,2,2,2,2,2,1,2
"cell724",2,2,1,2,2,2,2,2,2,2,1,1,2,2,3,2,2,2,2,3,1,2,2,2,2,2,2,2,2,2,1,2
"cell725",2,2,1,2,2,2,2,2,2,2,1,1,2,2,3,2,2,2,2,3,1,2,2,2,2,2,2,2,2,2,1,2
"cell726",2,2,1,2,2,2,2,2,2,2,1,1,2,2,3,2,2,2,2,3,1,2,2,2,2,2,2,2,2,2,1,2
"cell727",2,2,1,2,2,2,2,2,2,2,1,1,2,2,3,2,2,2,2,3,1,2,2,2,2,2,2,2,2,2,1,2
"cell728",2,2,1,2,2,2,2,2,2,2,1,1,2,2,3,2,2,2,2,3,1,2,2,2,2,2,2,2,2,2,1,2
"cell729",2,2,1,2,2,2,2,2,2,2,1,1,2,2,3,2,2,2,2,3,1,2,2,2,2,2,2,2,2,2,1,2
"cell730",2,2,1,2,2,2,2,2,2,2,1,1,2,2,3,2,2,2,2,3,1,2,2,2,2,2,2,2,2,2,1,2
"cell731",2,2,1,2,2,2,2,2,2,2,1,1,2,2,3,2,2,2,2,3,1,2,2,2,2,2,2,2,2,2,1,2
"cell732",2,2,1,2,2,2,2,2,2,2,1,1,2,2,3,2,2,2,2,3,1,2,2,2,2,2,2,2,2,2,1,2
"cell733",2,2,1,2,2,2,2,2,2,2,1,1,2,2,3,2,2,2,2,3,1,2,2,2,2,2,2,2,2,2,1,2
"cell734",2,2,1,2,2,2,2,2,2,2,1,1,2,2,3,2,2,2,2,3,1,2,2,2,2,2,2,2,2,2,1,2
"cell735",2,2,1,2,2,2,2,2,2,2,1,1,2,2,3,2,2,2,2,3,1,2,2,2,2,2,2,2,2,2,1,2
"cell736",2,2,1,2,2,2,2,2,2,2,1,1,2,2,3,2,2,2,2,3,1,2,2,2,2,2,2,2,2,2,1,2
"cell737",2,2,1,2,2,2,2,2,2,2,1,1,2,2,3,2,2,2,2,3,1,2,2,2,2,2,2,2,2,2,1,2
"cell738",2,2,1,2,2,2,2,2,2,2,1,1,2,2,3,2,2,2,2,3,1,2,2,2,2,2,2,2,2,2,1,2
"cell739",2,2,1,2,2,2,2,2,2,2,1,1,2,2,3,2,2,2,2,3,1,2,2,2,2,2,2,2,2,2,1,2
"cell740",2,2,1,2,2,2,2,2,2,2,1,1,2,2,3,2,2,2,2,3,1,2,2,2,2,2,2,2,2,2,1,2
"cell741",2,2,1,2,2,2,2,2,2,2,1,1,2,2,3,2,2,2,2,3,1,2,2,2,2,2,2,2,2,2,1,2
"cell742",2,2,1,2,2,2,2,2,2,2,1,1,2,2,3,2,2,2,2,3,1,2,2,2,2,2,2,2,2,2,1,2
"cell743",2,2,1,2,2,2,2,2,2,2,1,1,2,2,3,2,2,2,2,3,1,2,2,2,2,2,2,2,2,2,1,2
"cell744",2,2,1,2,2,2,2,2,2,2,1,1,2,2,3,2,2,2,2,3,1,2,2,2,2,2,2,2,2,2,1,2
"cell745",2,2,1,2,2,2,2,2,2,2,1,1,2,2,3,2,2,2,2,3,1,2,2,2,2,2,2,2,2,2,1,2
"cell746",2,2,1,2,2,2,2,2,2,2,1,1,2,2,3,2,2,2,2,3,1,2,2,2,2,2,2,2,2,2,1,2
"cell747",2,2,1,2,2,2,2,2,2,2,1,1,2,2,3,2,2,2,2,3,1,2,2,2,2,2,2,2,2,2,1,2
"cell748",2,2,1,2,2,2,2,2,2,2,1,1,2,2,3,2,2,2,2,3,1,2,2,2,2,2,2,2,2,2,1,2
"cell749",2,2,1,2,2,2,2,2,2,2,1,1,2,2,3,2,2,2,2,3,1,2,2,2,2,2,2,2,2,2,1,2
"cell750",2,2,1,2,2,2,2,2,2,2,1,1,2,2,3,2,2,2,2,3,1,2,2,2,2,2,2,2,2,2,1,2
"cell751",2,2,1,2,2,2,2,2,2,2,1,1,2,2,3,2,2,2,2,3,1,2,2,2,2,2,2,2,2,2,1,2
"cell752",2,2,1,2,2,2,2,2,2,2,1,1,2,2,3,2,2,2,2,3,1,2,2,2,2,2,2,2,2,2,1,2
"cell753",2,2,1,2,2,2,2,2,2,2,1,1,2,2,3,2,2,2,2,3,1,2,2,2,2,2,2,2,2,2,1,2
"cell754",2,2,1,2,2,2,2,2,2,2,1,1,2,2,3,2,2,2,2,3,1,2,2,2,2,2,2,2,2,2,1,2
"cell755",2,2,1,2,2,2,2,2,2,2,1,1,2,2,3,2,2,2,2,3,1,2,2,2,2,2,2,2,2,2,1,2
"cell756",2,2,1,2,2,2,2,2,2,2,1,1,2,2,3,2,2,2,2,3,1,2,2,2,2,2,2,2,2,2,1,2
"cell757",2,2,1,2,2,2,2,2,2,2,1,1,2,2,3,2,2,2,2,3,1,2,2,2,2,2,2,2,2,2,1,2
"cell758",2,2,1,2,2,2,2,2,2,2,1,1,2,2,3,2,2,2,2,3,1,2,2,2,2,2,2,2,2,2,1,2
"cell759",2,2,1,2,2,2,2,2,2,2,1,1,2,2,3,2,2,2,2,3,1,2,2,2,2,2,2,2,2,2,1,2
"cell760",2,2,1,2,2,2,2,2,2,2,1,1,2,2,3,2,2,2,2,3,1,2,2,2,2,2,2,2,2,2,1,2
"cell761",2,2,1,2,2,2,2,2,2,2,1,1,2,2,3,2,2,2,2,3,1,2,2,2,2,2,2,2,2,2,1,2
"cell762",2,2,1,2,2,2,2,2,2,2,1,1,2,2,3,2,2,2,2,3,1,2,2,2,2,2,2,2,2,2,1,2
"cell763",2,2,1,2,2,2,2,2,2,2,1,1,2,2,3,2,2,2,2,3,1,2,2,2,2,2,2,2,2,2,1,2
"cell764",2,2,1,2,2,2,2,2,2,2,1,1,2,2,3,2,2,2,2,3,1,2,2,2,2,2,2,2,2,2,1,2
"cell765",2,2,1,2,2,2,2,2,2,2,1,1,2,2,3,2,2,2,2,3,1,2,2,2,2,2,2,2,2,2,1,2
"cell766",2,2,1,2,2,2,2,2,2,2,1,1,2,2,3,2,2,2,2,3,1,2,2,2,2,2,2,2,2,2,1,2
"cell767",2,2,1,2,2,2,2,2,2,2,1,1,2,2,3,2,2,2,2,3,1,2,2,2,2,2,2,2,2,2,1,2
"cell768",2,2,1,2,2,2,2,2,2,2,1,1,2,2,3,2,2,2,2,3,1,2,2,2,2,2,2,2,2,2,1,2
"cell769",2,2,1,2,2,2,2,2,2,2,1,1,2,2,3,2,2,2,2,3,1,2,2,2,2,2,2,2,2,2,1,2
"cell770",2,2,1,2,2,2,2,2,2,2,1,1,2,2,3,2,2,2,2,3,1,2,2,2,2,2,2,2,2,2,1,2
"cell771",2,2,1,2,2,2,2,2,2,2,1,1,2,2,3,2,2,2,2,3,1,2,2,2,2,2,2,2,2,2,1,2
"cell772",2,2,1,2,2,2,2,2,2,2,1,1,2,2,3,2,2,2,2,3,1,2,2,2,2,2,2,2,2,2,1,2
"cell773",2,2,1,2,2,2,2,2,2,2,1,1,2,2,3,2,2,2,2,3,1,2,2,2,2,2,2,2,2,2,1,2
"cell774",2,2,1,2,2,2,2,2,2,2,1,1,2,2,3,2,2,2,2,3,1,2,2,2,2,2,2,2,2,2,1,2
"cell775",2,2,1,2,2,2,2,2,2,2,1,1,2,2,3,2,2,2,2,3,1,2,2,2,2,2,2,2,2,2,1,2
"cell776",2,2,1,2,2,2,2,2,2,2,1,1,2,2,3,2,2,2,2,3,1,2,2,2,2,2,2,2,2,2,1,2
"cell777",2,2,1,2,2,2,2,2,2,2,1,1,2,2,3,2,2,2,2,3,1,2,2,2,2,2,2,2,2,2,1,2
"cell778",2,2,1,2,2,2,2,2,2,2,1,1,2,2,3,2,2,2,2,3,1,2,2,2,2,2,2,2,2,2,1,2
"cell779",2,2,1,2,2,2,2,2,2,2,1,1,2,2,3,2,2,2,2,3,1,2,2,2,2,2,2,2,2,2,1,2
"cell780",2,2,1,2,2,2,2,2,2,2,1,1,2,2,3,2,2,2,2,3,1,2,2,2,2,2,2,2,2,2,1,2
"cell781",2,2,1,2,2,2,2,2,2,2,1,1,2,2,3,2,2,2,2,3,1,2,2,2,2,2,2,2,2,2,1,2
"cell782",2,2,1,2,2,2,2,2,2,2,1,1,2,2,3,2,2,2,2,3,1,2,2,2,2,2,2,2,2,2,1,2
"cell783",2,2,1,2,2,2,2,2,2,2,1,1,2,2,3,2,2,2,2,3,1,2,2,2,2,2,2,2,2,2,1,2
"cell784",2,2,1,2,2,2,2,2,2,2,1,1,2,2,3,2,2,2,2,3,1,2,2,2,2,2,2,2,2,2,1,2
"cell785",2,2,1,2,2,2,2,2,2,2,1,1,2,2,3,2,2,2,2,3,1,2,2,2,2,2,2,2,2,2,1,2
"cell786",2,2,1,2,2,2,2,2,2,2,1,1,2,2,3,2,2,2,2,3,1,2,2,2,2,2,2,2,2,2,1,2
"cell787",2,2,1,2,2,2,2,2,2,2,1,1,2,2,3,2,2,2,2,3,1,2,2,2,2,2,2,2,2,2,1,2
"cell788",2,2,1,2,2,2,2,2,2,2,1,1,2,2,3,2,2,2,2,3,1,2,2,2,2,2,2,2,2,2,1,2
"cell789",2,2,1,2,2,2,2,2,2,2,1,1,2,2,3,2,2,2,2,3,1,2,2,2,2,2,2,2,2,2,1,2
"cell790",2,2,1,2,2,2,2,2,2,2,1,1,2,2,3,2,2,2,2,3,1,2,2,2,2,2,2,2,2,2,1,2
"cell791",2,2,1,2,2,2,2,2,2,2,1,1,2,2,3,2,2,2,2,3,1,2,2,2,2,2,2,2,2,2,1,2
"cell792",2,2,1,2,2,2,2,2,2,2,1,1,2,2,3,2,2,2,2,3,1,2,2,2,2,2,2,2,2,2,1,2
"cell793",2,2,1,2,2,2,2,2,2,2,1,1,2,2,3,2,2,2,2,3,1,2,2,2,2,2,2,2,2,2,1,2
"cell794",2,2,1,2,2,2,2,2,2,2,1,1,2,2,3,2,2,2,2,3,1,2,2,2,2,2,2,2,2,2,1,2
"cell795",2,2,1,2,2,2,2,2,2,2,1,1,2,2,3,2,2,2,2,3,1,2,2,2,2,2,2,2,2,2,1,2
"cell796",2,2,1,2,2,2,2,2,2,2,1,1,2,2,3,2,2,2,2,3,1,2,2,2,2,2,2,2,2,2,1,2
"cell797",2,2,1,2,2,2,2,2,2,2,1,1,2,2,3,2,2,2,2,3,1,2,2,2,2,2,2,2,2,2,1,2
"cell798",2,2,1,2,2,2,2,2,2,2,1,1,2,2,3,2,2,2,2,3,1,2,2,2,2,2,2,2,2,2,1,2
"cell799",2,2,1,2,2,2,2,2,2,2,1,1,2,2,3,2,2,2,2,3,1,2,2,2,2,2,2,2,2,2,1,2
"cell800",2,2,1,2,2,2,2,2,2,2,1,1,2,2,3,2,2,2,2,3,1,2,2,2,2,2,2,2,2,2,1,2
"cell801",2,2,1,2,2,2,2,2,2,2,1,1,2,2,3,2,2,2,2,3,1,2,2,2,2,2,2,2,2,2,1,2
"cell802",2,2,1,2,2,2,2,2,2,2,1,1,2,2,3,2,2,2,2,3,1,2,2,2,2,2,2,2,2,2,1,2
"cell803",2,2,1,2,2,2,2,2,2,2,1,1,2,2,3,2,2,2,2,3,1,2,2,2,2,2,2,2,2,2,1,2
"cell804",2,2,1,2,2,2,2,2,2,2,1,1,2,2,3,2,2,2,2,3,1,2,2,2,2,2,2,2,2,2,1,2
"cell805",2,2,1,2,2,2,2,2,2,2,1,1,2,2,3,2,2,2,2,3,1,2,2,2,2,2,2,2,2,2,1,2
"cell806",2,2,1,2,2,2,2,2,2,2,1,1,2,2,3,2,2,2,2,3,1,2,2,2,2,2,2,2,2,2,1,2
"cell807",2,2,1,2,2,2,2,2,2,2,1,1,2,2,3,2,2,2,2,3,1,2,2,2,2,2,2,2,2,2,1,2
"cell808",2,2,1,2,2,2,2,2,2,2,1,1,2,2,3,2,2,2,2,3,1,2,2,2,2,2,2,2,2,2,1,2
"cell809",2,2,1,2,2,2,2,2,2,2,1,1,2,2,3,2,2,2,2,3,1,2,2,2,2,2,2,2,2,2,1,2
"cell810",2,2,1,2,2,2,2,2,2,2,1,1,2,2,3,2,2,2,2,3,1,2,2,2,2,2,2,2,2,2,1,2
"cell811",2,2,1,2,2,2,2,2,2,2,1,1,2,2,3,2,2,2,2,3,1,2,2,2,2,2,2,2,2,2,1,2
"cell812",2,2,1,2,2,2,2,2,2,2,1,1,2,2,3,2,2,2,2,3,1,2,2,2,2,2,2,2,2,2,1,2
"cell813",2,2,1,2,2,2,2,2,2,2,1,1,2,2,3,2,2,2,2,3,1,2,2,2,2,2,2,2,2,2,1,2
"cell814",2,2,1,2,2,2,2,2,2,2,1,1,2,2,3,2,2,2,2,3,1,2,2,2,2,2,2,2,2,2,1,2
"cell815",2,2,1,2,2,2,2,2,2,2,1,1,2,2,3,2,2,2,2,3,1,2,2,2,2,2,2,2,2,2,1,2
"cell816",2,2,1,2,2,2,2,2,2,2,1,1,2,2,3,2,2,2,2,3,1,2,2,2,2,2,2,2,2,2,1,2
"cell817",2,2,1,2,2,2,2,2,2,2,1,1,2,2,3,2,2,2,2,3,1,2,2,2,2,2,2,2,2,2,1,2
"cell818",2,2,1,2,2,2,2,2,2,2,1,1,2,2,3,2,2,2,2,3,1,2,2,2,2,2,2,2,2,2,1,2
"cell819",2,2,1,2,2,2,2,2,2,2,1,1,2,2,3,2,2,2,2,3,1,2,2,2,2,2,2,2,2,2,1,2
"cell820",2,2,1,2,2,2,2,2,2,2,1,1,2,2,3,2,2,2,2,3,1,2,2,2,2,2,2,2,2,2,1,2
"cell821",2,2,1,2,2,2,2,2,2,2,1,1,2,2,3,2,2,2,2,3,1,2,2,2,2,2,2,2,2,2,1,2
"cell822",2,2,1,2,2,2,2,2,2,2,1,1,2,2,3,2,2,2,2,3,1,2,2,2,2,2,2,2,2,2,1,2
"cell823",2,2,1,2,2,2,2,2,2,2,1,1,2,2,3,2,2,2,2,3,1,2,2,2,2,2,2,2,2,2,1,2
"cell824",2,2,1,2,2,2,2,2,2,2,1,1,2,2,3,2,2,2,2,3,1,2,2,2,2,2,2,2,2,2,1,2
"cell825",2,2,1,2,2,2,2,2,2,2,1,1,2,2,3,2,2,2,2,3,1,2,2,2,2,2,2,2,2,2,1,2
"cell826",2,2,1,2,2,2,2,2,2,2,1,1,2,2,3,2,2,2,2,3,1,2,2,2,2,2,2,2,2,2,1,2
"cell827",2,2,1,2,2,2,2,2,2,2,1,1,2,2,3,2,2,2,2,3,1,2,2,2,2,2,2,2,2,2,1,2
"cell828",2,2,1,2,2,2,2,2,2,2,1,1,2,2,3,2,2,2,2,3,1,2,2,2,2,2,2,2,2,2,1,2
"cell829",2,2,1,2,2,2,2,2,2,2,1,1,2,2,3,2,2,2,2,3,1,2,2,2,2,2,2,2,2,2,1,2
"cell830",2,2,1,2,2,2,2,2,2,2,1,1,2,2,3,2,2,2,2,3,1,2,2,2,2,2,2,2,2,2,1,2
"cell831",2,2,1,2,2,2,2,2,2,2,1,1,2,2,3,2,2,2,2,3,1,2,2,2,2,2,2,2,2,2,1,2
"cell832",2,2,1,2,2,2,2,2,2,2,1,1,2,2,3,2,2,2,2,3,1,2,2,2,2,2,2,2,2,2,1,2
"cell833",2,2,1,2,2,2,2,2,2,2,1,1,2,2,3,2,2,2,2,3,1,2,2,2,2,2,2,2,2,2,1,2
"cell834",2,2,1,2,2,2,2,2,2,2,1,1,2,2,3,2,2,2,2,3,1,2,2,2,2,2,2,2,2,2,1,2
"cell835",2,2,1,2,2,2,2,2,2,2,1,1,2,2,3,2,2,2,2,3,1,2,2,2,2,2,2,2,2,2,1,2
"cell836",2,2,1,2,2,2,2,2,2,2,1,1,2,2,3,2,2,2,2,3,1,2,2,2,2,2,2,2,2,2,1,2
"cell837",2,2,1,2,2,2,2,2,2,2,1,1,2,2,3,2,2,2,2,3,1,2,2,2,2,2,2,2,2,2,1,2
"cell838",2,2,1,2,2,2,2,2,2,2,1,1,2,2,3,2,2,2,2,3,1,2,2,2,2,2,2,2,2,2,1,2
"cell839",2,2,1,2,2,2,2,2,2,2,1,1,2,2,3,2,2,2,2,3,1,2,2,2,2,2,2,2,2,2,1,2
"cell840",2,2,1,2,2,2,2,2,2,2,1,1,2,2,3,2,2,2,2,3,1,2,2,2,2,2,2,2,2,2,1,2
"cell841",2,2,1,2,2,2,2,2,2,2,1,1,2,2,3,2,2,2,2,3,1,2,2,2,2,2,2,2,2,2,1,2
"cell842",2,2,1,2,2,2,2,2,2,2,1,1,2,2,3,2,2,2,2,3,1,2,2,2,2,2,2,2,2,2,1,2
"cell843",2,2,1,2,2,2,2,2,2,2,1,1,2,2,3,2,2,2,2,3,1,2,2,2,2,2,2,2,2,2,1,2
"cell844",2,2,1,2,2,2,2,2,2,2,1,1,2,2,3,2,2,2,2,3,1,2,2,2,2,2,2,2,2,2,1,2
"cell845",2,2,1,2,2,2,2,2,2,2,1,1,2,2,3,2,2,2,2,3,1,2,2,2,2,2,2,2,2,2,1,2
"cell846",2,2,1,2,2,2,2,2,2,2,1,1,2,2,3,2,2,2,2,3,1,2,2,2,2,2,2,2,2,2,1,2
"cell847",2,2,1,2,2,2,2,2,2,2,1,1,2,2,3,2,2,2,2,3,1,2,2,2,2,2,2,2,2,2,1,2
"cell848",2,2,1,2,2,2,2,2,2,2,1,1,2,2,3,2,2,2,2,3,1,2,2,2,2,2,2,2,2,2,1,2
"cell849",2,2,1,2,2,2,2,2,2,2,1,1,2,2,3,2,2,2,2,3,1,2,2,2,2,2,2,2,2,2,1,2
"cell850",2,2,1,2,2,2,2,2,2,2,1,1,2,2,3,2,2,2,2,3,1,2,2,2,2,2,2,2,2,2,1,2
"cell851",2,2,1,2,2,2,2,2,2,2,1,1,2,2,3,2,2,2,2,3,1,2,2,2,2,2,2,2,2,2,1,2
"cell852",2,2,1,2,2,2,2,2,2,2,1,1,2,2,3,2,2,2,2,3,1,2,2,2,2,2,2,2,2,2,1,2
"cell853",2,2,1,2,2,2,2,2,2,2,1,1,2,2,3,2,2,2,2,3,1,2,2,2,2,2,2,2,2,2,1,2
"cell854",2,2,1,2,2,2,2,2,2,2,1,1,2,2,3,2,2,2,2,3,1,2,2,2,2,2,2,2,2,2,1,2
"cell855",2,2,1,2,2,2,2,2,2,2,1,1,2,2,3,2,2,2,2,3,1,2,2,2,2,2,2,2,2,2,1,2
"cell856",2,2,1,2,2,2,2,2,2,2,1,1,2,2,3,2,2,2,2,3,1,2,2,2,2,2,2,2,2,2,1,2
"cell857",2,2,1,2,2,2,2,2,2,2,1,1,2,2,3,2,2,2,2,3,1,2,2,2,2,2,2,2,2,2,1,2
"cell858",2,2,1,2,2,2,2,2,2,2,1,1,2,2,3,2,2,2,2,3,1,2,2,2,2,2,2,2,2,2,1,2
"cell859",2,2,1,2,2,2,2,2,2,2,1,1,2,2,3,2,2,2,2,3,1,2,2,2,2,2,2,2,2,2,1,2
"cell860",2,2,1,2,2,2,2,2,2,2,1,1,2,2,3,2,2,2,2,3,1,2,2,2,2,2,2,2,2,2,1,2
"cell861",2,2,1,2,2,2,2,2,2,2,1,1,2,2,3,2,2,2,2,3,1,2,2,2,2,2,2,2,2,2,1,2
"cell862",2,2,1,2,2,2,2,2,2,2,1,1,2,2,3,2,2,2,2,3,1,2,2,2,2,2,2,2,2,2,1,2
"cell863",2,2,1,2,2,2,2,2,2,2,1,1,2,2,3,2,2,2,2,3,1,2,2,2,2,2,2,2,2,2,1,2
"cell864",2,2,1,2,2,2,2,2,2,2,1,1,2,2,3,2,2,2,2,3,1,2,2,2,2,2,2,2,2,2,1,2
"cell865",2,2,1,2,2,2,2,2,2,2,1,1,2,2,3,2,2,2,2,3,1,2,2,2,2,2,2,2,2,2,1,2
"cell866",2,2,1,2,2,2,2,2,2,2,1,1,2,2,3,2,2,2,2,3,1,2,2,2,2,2,2,2,2,2,1,2
"cell867",2,2,1,2,2,2,2,2,2,2,1,1,2,2,3,2,2,2,2,3,1,2,2,2,2,2,2,2,2,2,1,2
"cell868",2,2,1,2,2,2,2,2,2,2,1,1,2,2,3,2,2,2,2,3,1,2,2,2,2,2,2,2,2,2,1,2
"cell869",2,2,1,2,2,2,2,2,2,2,1,1,2,2,3,2,2,2,2,3,1,2,2,2,2,2,2,2,2,2,1,2
"cell870",2,2,1,2,2,2,2,2,2,2,1,1,2,2,3,2,2,2,2,3,1,2,2,2,2,2,2,2,2,2,1,2
"cell871",2,2,1,2,2,2,2,2,2,2,1,1,2,2,3,2,2,2,2,3,1,2,2,2,2,2,2,2,2,2,1,2
"cell872",2,2,1,2,2,2,2,2,2,2,1,1,2,2,3,2,2,2,2,3,1,2,2,2,2,2,2,2,2,2,1,2
"cell873",2,2,1,2,2,2,2,2,2,2,1,1,2,2,3,2,2,2,2,3,1,2,2,2,2,2,2,2,2,2,1,2
"cell874",2,2,1,2,2,2,2,2,2,2,1,1,2,2,3,2,2,2,2,3,1,2,2,2,2,2,2,2,2,2,1,2
"cell875",2,2,1,2,2,2,2,2,2,2,1,1,2,2,3,2,2,2,2,3,1,2,2,2,2,2,2,2,2,2,1,2
"cell876",2,2,1,2,2,2,2,2,2,2,1,1,2,2,3,2,2,2,2,3,1,2,2,2,2,2,2,2,2,2,1,2
"cell877",2,2,1,2,2,2,2,2,2,2,1,1,2,2,3,2,2,2,2,3,1,2,2,2,2,2,2,2,2,2,1,2
"cell878",2,2,1,2,2,2,2,2,2,2,1,1,2,2,3,2,2,2,2,3,1,2,2,2,2,2,2,2,2,2,1,2
"cell879",2,2,1,2,2,2,2,2,2,2,1,1,2,2,3,2,2,2,2,3,1,2,2,2,2,2,2,2,2,2,1,2
"cell880",2,2,1,2,2,2,2,2,2,2,1,1,2,2,3,2,2,2,2,3,1,2,2,2,2,2,2,2,2,2,1,2
"cell881",2,2,1,2,2,2,2,2,2,2,1,1,2,2,3,2,2,2,2,3,1,2,2,2,2,2,2,2,2,2,1,2
"cell882",2,2,1,2,2,2,2,2,2,2,1,1,2,2,3,2,2,2,2,3,1,2,2,2,2,2,2,2,2,2,1,2
"cell883",2,2,1,2,2,2,2,2,2,2,1,1,2,2,3,2,2,2,2,3,1,2,2,2,2,2,2,2,2,2,1,2
"cell884",2,2,1,2,2,2,2,2,2,2,1,1,2,2,3,2,2,2,2,3,1,2,2,2,2,2,2,2,2,2,1,2
"cell885",2,2,1,2,2,2,2,2,2,2,1,1,2,2,3,2,2,2,2,3,1,2,2,2,2,2,2,2,2,2,1,2
"cell886",2,2,1,2,2,2,2,2,2,2,1,1,2,2,3,2,2,2,2,3,1,2,2,2,2,2,2,2,2,2,1,2
"cell887",2,2,1,2,2,2,2,2,2,2,1,1,2,2,3,2,2,2,2,3,1,2,2,2,2,2,2,2,2,2,1,2
"cell888",2,2,1,2,2,2,2,2,2,2,1,1,2,2,3,2,2,2,2,3,1,2,2,2,2,2,2,2,2,2,1,2
"cell889",2,2,1,2,2,2,2,2,2,2,1,1,2,2,3,2,2,2,2,3,1,2,2,2,2,2,2,2,2,2,1,2
"cell890",2,2,1,2,2,2,2,2,2,2,1,1,2,2,3,2,2,2,2,3,1,2,2,2,2,2,2,2,2,2,1,2
"cell891",2,2,1,2,2,2,2,2,2,2,1,1,2,2,3,2,2,2,2,3,1,2,2,2,2,2,2,2,2,2,1,2
"cell892",2,2,1,2,2,2,2,2,2,2,1,1,2,2,3,2,2,2,2,3,1,2,2,2,2,2,2,2,2,2,1,2
"cell893",2,2,1,2,2,2,2,2,2,2,1,1,2,2,3,2,2,2,2,3,1,2,2,2,2,2,2,2,2,2,1,2
"cell894",2,2,1,2,2,2,2,2,2,2,1,1,2,2,3,2,2,2,2,3,1,2,2,2,2,2,2,2,2,2,1,2
"cell895",2,2,1,2,2,2,2,2,2,2,1,1,2,2,3,2,2,2,2,3,1,2,2,2,2,2,2,2,2,2,1,2
"cell896",2,2,1,2,2,2,2,2,2,2,1,1,2,2,3,2,2,2,2,3,1,2,2,2,2,2,2,2,2,2,1,2
"cell897",2,2,1,2,2,2,2,2,2,2,1,1,2,2,3,2,2,2,2,3,1,2,2,2,2,2,2,2,2,2,1,2
"cell898",2,2,1,2,2,2,2,2,2,2,1,1,2,2,3,2,2,2,2,3,1,2,2,2,2,2,2,2,2,2,1,2
"cell899",2,2,1,2,2,2,2,2,2,2,1,1,2,2,3,2,2,2,2,3,1,2,2,2,2,2,2,2,2,2,1,2
"cell900",2,2,1,2,2,2,2,2,2,2,1,1,2,2,3,2,2,2,2,3,1,2,2,2,2,2,2,2,2,2,1,2
"cell901",2,2,1,2,2,2,2,2,2,2,1,1,2,2,3,2,2,2,2,3,1,2,2,2,2,2,2,2,2,2,1,2
"cell902",2,2,1,2,2,2,2,2,2,2,1,1,2,2,3,2,2,2,2,3,1,2,2,2,2,2,2,2,2,2,1,2
"cell903",2,2,1,2,2,2,2,2,2,2,1,1,2,2,3,2,2,2,2,3,1,2,2,2,2,2,2,2,2,2,1,2
"cell904",2,2,1,2,2,2,2,2,2,2,1,1,2,2,3,2,2,2,2,3,1,2,2,2,2,2,2,2,2,2,1,2
"cell905",2,2,1,2,2,2,2,2,2,2,1,1,2,2,3,2,2,2,2,3,1,2,2,2,2,2,2,2,2,2,1,2
"cell906",2,2,1,2,2,2,2,2,2,2,1,1,2,2,3,2,2,2,2,3,1,2,2,2,2,2,2,2,2,2,1,2
"cell907",2,2,1,2,2,2,2,2,2,2,1,1,2,2,3,2,2,2,2,3,1,2,2,2,2,2,2,2,2,2,1,2
"cell908",2,2,1,2,2,2,2,2,2,2,1,1,2,2,3,2,2,2,2,3,1,2,2,2,2,2,2,2,2,2,1,2
"cell909",2,2,1,2,2,2,2,2,2,2,1,1,2,2,3,2,2,2,2,3,1,2,2,2,2,2,2,2,2,2,1,2
"cell910",2,2,1,2,2,2,2,2,2,2,1,1,2,2,3,2,2,2,2,3,1,2,2,2,2,2,2,2,2,2,1,2
"cell911",2,2,1,2,2,2,2,2,2,2,1,1,2,2,3,2,2,2,2,3,1,2,2,2,2,2,2,2,2,2,1,2
"cell912",2,2,1,2,2,2,2,2,2,2,1,1,2,2,3,2,2,2,2,3,1,2,2,2,2,2,2,2,2,2,1,2
"cell913",2,2,1,2,2,2,2,2,2,2,1,1,2,2,3,2,2,2,2,3,1,2,2,2,2,2,2,2,2,2,1,2
"cell914",2,2,1,2,2,2,2,2,2,2,1,1,2,2,3,2,2,2,2,3,1,2,2,2,2,2,2,2,2,2,1,2
"cell915",2,2,1,2,2,2,2,2,2,2,1,1,2,2,3,2,2,2,2,3,1,2,2,2,2,2,2,2,2,2,1,2
"cell916",2,2,1,2,2,2,2,2,2,2,1,1,2,2,3,2,2,2,2,3,1,2,2,2,2,2,2,2,2,2,1,2
"cell917",2,2,1,2,2,2,2,2,2,2,1,1,2,2,3,2,2,2,2,3,1,2,2,2,2,2,2,2,2,2,1,2
"cell918",2,2,1,2,2,2,2,2,2,2,1,1,2,2,3,2,2,2,2,3,1,2,2,2,2,2,2,2,2,2,1,2
"cell919",2,2,1,2,2,2,2,2,2,2,1,1,2,2,3,2,2,2,2,3,1,2,2,2,2,2,2,2,2,2,1,2
"cell920",2,2,1,2,2,2,2,2,2,2,1,1,2,2,3,2,2,2,2,3,1,2,2,2,2,2,2,2,2,2,1,2
"cell921",2,2,1,2,2,2,2,2,2,2,1,1,2,2,3,2,2,2,2,3,1,2,2,2,2,2,2,2,2,2,1,2
"cell922",2,2,1,2,2,2,2,2,2,2,1,1,2,2,3,2,2,2,2,3,1,2,2,2,2,2,2,2,2,2,1,2
"cell923",2,2,1,2,2,2,2,2,2,2,1,1,2,2,3,2,2,2,2,3,1,2,2,2,2,2,2,2,2,2,1,2
"cell924",2,2,1,2,2,2,2,2,2,2,1,1,2,2,3,2,2,2,2,3,1,2,2,2,2,2,2,2,2,2,1,2
"cell925",2,2,1,2,2,2,2,2,2,2,1,1,2,2,3,2,2,2,2,3,1,2,2,2,2,2,2,2,2,2,1,2
"cell926",2,2,1,2,2,2,2,2,2,2,1,1,2,2,3,2,2,2,2,3,1,2,2,2,2,2,2,2,2,2,1,2
"cell927",2,2,1,2,2,2,2,2,2,2,1,1,2,2,3,2,2,2,2,3,1,2,2,2,2,2,2,2,2,2,1,2
"cell928",2,2,1,2,2,2,2,2,2,2,1,1,2,2,3,2,2,2,2,3,1,2,2,2,2,2,2,2,2,2,1,2
"cell929",2,2,1,2,2,2,2,2,2,2,1,1,2,2,3,2,2,2,2,3,1,2,2,2,2,2,2,2,2,2,1,2
"cell930",2,2,1,2,2,2,2,2,2,2,1,1,2,2,3,2,2,2,2,3,1,2,2,2,2,2,2,2,2,2,1,2
"cell931",2,2,1,2,2,2,2,2,2,2,1,1,2,2,3,2,2,2,2,3,1,2,2,2,2,2,2,2,2,2,1,2
"cell932",2,2,1,2,2,2,2,2,2,2,1,1,2,2,3,2,2,2,2,3,1,2,2,2,2,2,2,2,2,2,1,2
"cell933",2,2,1,2,2,2,2,2,2,2,1,1,2,2,3,2,2,2,2,3,1,2,2,2,2,2,2,2,2,2,1,2
"cell934",2,2,1,2,2,2,2,2,2,2,1,1,2,2,3,2,2,2,2,3,1,2,2,2,2,2,2,2,2,2,1,2
"cell935",2,2,1,2,2,2,2,2,2,2,1,1,2,2,3,2,2,2,2,3,1,2,2,2,2,2,2,2,2,2,1,2
"cell936",2,2,1,2,2,2,2,2,2,2,1,1,2,2,3,2,2,2,2,3,1,2,2,2,2,2,2,2,2,2,1,2
"cell937",2,2,1,2,2,2,2,2,2,2,1,1,2,2,3,2,2,2,2,3,1,2,2,2,2,2,2,2,2,2,1,2
"cell938",2,2,1,2,2,2,2,2,2,2,1,1,2,2,3,2,2,2,2,3,1,2,2,2,2,2,2,2,2,2,1,2
"cell939",2,2,1,2,2,2,2,2,2,2,1,1,2,2,3,2,2,2,2,3,1,2,2,2,2,2,2,2,2,2,1,2
"cell940",2,2,1,2,2,2,2,2,2,2,1,1,2,2,3,2,2,2,2,3,1,2,2,2,2,2,2,2,2,2,1,2
"cell941",2,2,1,2,2,2,2,2,2,2,1,1,2,2,3,2,2,2,2,3,1,2,2,2,2,2,2,2,2,2,1,2
"cell942",2,2,1,2,2,2,2,2,2,2,1,1,2,2,3,2,2,2,2,3,1,2,2,2,2,2,2,2,2,2,1,2
"cell943",2,2,1,2,2,2,2,2,2,2,1,1,2,2,3,2,2,2,2,3,1,2,2,2,2,2,2,2,2,2,1,2
"cell944",2,2,1,2,2,2,2,2,2,2,1,1,2,2,3,2,2,2,2,3,1,2,2,2,2,2,2,2,2,2,1,2
"cell945",2,2,1,2,2,2,2,2,2,2,1,1,2,2,3,2,2,2,2,3,1,2,2,2,2,2,2,2,2,2,1,2
"cell946",2,2,1,2,2,2,2,2,2,2,1,1,2,2,3,2,2,2,2,3,1,2,2,2,2,2,2,2,2,2,1,2
"cell947",2,2,1,2,2,2,2,2,2,2,1,1,2,2,3,2,2,2,2,3,1,2,2,2,2,2,2,2,2,2,1,2
"cell948",2,2,1,2,2,2,2,2,2,2,1,1,2,2,3,2,2,2,2,3,1,2,2,2,2,2,2,2,2,2,1,2
"cell949",2,2,1,2,2,2,2,2,2,2,1,1,2,2,3,2,2,2,2,3,1,2,2,2,2,2,2,2,2,2,1,2
"cell950",2,2,1,2,2,2,2,2,2,2,1,1,2,2,3,2,2,2,2,3,1,2,2,2,2,2,2,2,2,2,1,2
"cell951",2,2,1,2,2,2,2,2,2,2,1,1,2,2,3,2,2,2,2,3,1,2,2,2,2,2,2,2,2,2,1,2
"cell952",2,2,1,2,2,2,2,2,2,2,1,1,2,2,3,2,2,2,2,3,1,2,2,2,2,2,2,2,2,2,1,2
"cell953",2,2,1,2,2,2,2,2,2,2,1,1,2,2,3,2,2,2,2,3,1,2,2,2,2,2,2,2,2,2,1,2
"cell954",2,2,1,2,2,2,2,2,2,2,1,1,2,2,3,2,2,2,2,3,1,2,2,2,2,2,2,2,2,2,1,2
"cell955",2,2,1,2,2,2,2,2,2,2,1,1,2,2,3,2,2,2,2,3,1,2,2,2,2,2,2,2,2,2,1,2
"cell956",2,2,1,2,2,2,2,2,2,2,1,1,2,2,3,2,2,2,2,3,1,2,2,2,2,2,2,2,2,2,1,2
"cell957",2,2,1,2,2,2,2,2,2,2,1,1,2,2,3,2,2,2,2,3,1,2,2,2,2,2,2,2,2,2,1,2
"cell958",2,2,1,2,2,2,2,2,2,2,1,1,2,2,3,2,2,2,2,3,1,2,2,2,2,2,2,2,2,2,1,2
"cell959",2,2,1,2,2,2,2,2,2,2,1,1,2,2,3,2,2,2,2,3,1,2,2,2,2,2,2,2,2,2,1,2
"cell960",2,2,1,2,2,2,2,2,2,2,1,1,2,2,3,2,2,2,2,3,1,2,2,2,2,2,2,2,2,2,1,2
"cell961",2,2,1,2,2,2,2,2,2,2,1,1,2,2,3,2,2,2,2,3,1,2,2,2,2,2,2,2,2,2,1,2
"cell962",2,2,1,2,2,2,2,2,2,2,1,1,2,2,3,2,2,2,2,3,1,2,2,2,2,2,2,2,2,2,1,2
"cell963",2,2,1,2,2,2,2,2,2,2,1,1,2,2,3,2,2,2,2,3,1,2,2,2,2,2,2,2,2,2,1,2
"cell964",2,2,1,2,2,2,2,2,2,2,1,1,2,2,3,2,2,2,2,3,1,2,2,2,2,2,2,2,2,2,1,2
"cell965",2,2,1,2,2,2,2,2,2,2,1,1,2,2,3,2,2,2,2,3,1,2,2,2,2,2,2,2,2,2,1,2
"cell966",2,2,1,2,2,2,2,2,2,2,1,1,2,2,3,2,2,2,2,3,1,2,2,2,2,2,2,2,2,2,1,2
"cell967",2,2,1,2,2,2,2,2,2,2,1,1,2,2,3,2,2,2,2,3,1,2,2,2,2,2,2,2,2,2,1,2
"cell968",2,2,1,2,2,2,2,2,2,2,1,1,2,2,3,2,2,2,2,3,1,2,2,2,2,2,2,2,2,2,1,2
"cell969",2,2,1,2,2,2,2,2,2,2,1,1,2,2,3,2,2,2,2,3,1,2,2,2,2,2,2,2,2,2,1,2
"cell970",2,2,1,2,2,2,2,2,2,2,1,1,2,2,3,2,2,2,2,3,1,2,2,2,2,2,2,2,2,2,1,2
"cell971",2,2,1,2,2,2,2,2,2,2,1,1,2,2,3,2,2,2,2,3,1,2,2,2,2,2,2,2,2,2,1,2
"cell972",2,2,1,2,2,2,2,2,2,2,1,1,2,2,3,2,2,2,2,3,1,2,2,2,2,2,2,2,2,2,1,2
"cell973",2,2,1,2,2,2,2,2,2,2,1,1,2,2,3,2,2,2,2,3,1,2,2,2,2,2,2,2,2,2,1,2
"cell974",2,2,1,2,2,2,2,2,2,2,1,1,2,2,3,2,2,2,2,3,1,2,2,2,2,2,2,2,2,2,1,2
"cell975",2,2,1,2,2,2,2,2,2,2,1,1,2,2,3,2,2,2,2,3,1,2,2,2,2,2,2,2,2,2,1,2
"cell976",2,2,1,2,2,2,2,2,2,2,1,1,2,2,3,2,2,2,2,3,1,2,2,2,2,2,2,2,2,2,1,2
"cell977",2,2,1,2,2,2,2,2,2,2,1,1,2,2,3,2,2,2,2,3,1,2,2,2,2,2,2,2,2,2,1,2
"cell978",2,2,1,2,2,2,2,2,2,2,1,1,2,2,3,2,2,2,2,3,1,2,2,2,2,2,2,2,2,2,1,2
"cell979",2,2,1,2,2,2,2,2,2,2,1,1,2,2,3,2,2,2,2,3,1,2,2,2,2,2,2,2,2,2,1,2
"cell980",2,2,1,2,2,2,2,2,2,2,1,1,2,2,3,2,2,2,2,3,1,2,2,2,2,2,2,2,2,2,1,2
"cell981",2,2,1,2,2,2,2,2,2,2,1,1,2,2,3,2,2,2,2,3,1,2,2,2,2,2,2,2,2,2,1,2
"cell982",2,2,1,2,2,2,2,2,2,2,1,1,2,2,3,2,2,2,2,3,1,2,2,2,2,2,2,2,2,2,1,2
"cell983",2,2,1,2,2,2,2,2,2,2,1,1,2,2,3,2,2,2,2,3,1,2,2,2,2,2,2,2,2,2,1,2
"cell984",2,2,1,2,2,2,2,2,2,2,1,1,2,2,3,2,2,2,2,3,1,2,2,2,2,2,2,2,2,2,1,2
"cell985",2,2,1,2,2,2,2,2,2,2,1,1,2,2,3,2,2,2,2,3,1,2,2,2,2,2,2,2,2,2,1,2
"cell986",2,2,1,2,2,2,2,2,2,2,1,1,2,2,3,2,2,2,2,3,1,2,2,2,2,2,2,2,2,2,1,2
"cell987",2,2,1,2,2,2,2,2,2,2,1,1,2,2,3,2,2,2,2,3,1,2,2,2,2,2,2,2,2,2,1,2
"cell988",2,2,1,2,2,2,2,2,2,2,1,1,2,2,3,2,2,2,2,3,1,2,2,2,2,2,2,2,2,2,1,2
"cell989",2,2,1,2,2,2,2,2,2,2,1,1,2,2,3,2,2,2,2,3,1,2,2,2,2,2,2,2,2,2,1,2
"cell990",2,2,1,2,2,2,2,2,2,2,1,1,2,2,3,2,2,2,2,3,1,2,2,2,2,2,2,2,2,2,1,2
"cell991",2,2,1,2,2,2,2,2,2,2,1,1,2,2,3,2,2,2,2,3,1,2,2,2,2,2,2,2,2,2,1,2
"cell992",2,2,1,2,2,2,2,2,2,2,1,1,2,2,3,2,2,2,2,3,1,2,2,2,2,2,2,2,2,2,1,2
"cell993",2,2,1,2,2,2,2,2,2,2,1,1,2,2,3,2,2,2,2,3,1,2,2,2,2,2,2,2,2,2,1,2
"cell994",2,2,1,2,2,2,2,2,2,2,1,1,2,2,3,2,2,2,2,3,1,2,2,2,2,2,2,2,2,2,1,2
"cell995",2,2,1,2,2,2,2,2,2,2,1,1,2,2,3,2,2,2,2,3,1,2,2,2,2,2,2,2,2,2,1,2
"cell996",2,2,1,2,2,2,2,2,2,2,1,1,2,2,3,2,2,2,2,3,1,2,2,2,2,2,2,2,2,2,1,2
"cell997",2,2,1,2,2,2,2,2,2,2,1,1,2,2,3,2,2,2,2,3,1,2,2,2,2,2,2,2,2,2,1,2
"cell998",2,2,1,2,2,2,2,2,2,2,1,1,2,2,3,2,2,2,2,3,1,2,2,2,2,2,2,2,2,2,1,2
"cell999",2,2,1,2,2,2,2,2,2,2,1,1,2,2,3,2,2,2,2,3,1,2,2,2,2,2,2,2,2,2,1,2
"cell1000",2,2,1,2,2,2,2,2,2,2,1,1,2,2,3,2,2,2,2,3,1,2,2,2,2,2,2,2,2,2,1,2
